message_id,clinical_stratum,portal_category,staff_dwell_minutes,chart_activity_before_forward
MSG0000107,clinical,results_question,0.6666666666666666,False
MSG0000207,clinical,medical_question,6.05,False
MSG0000005,clinical,results_question,2.3333333333333335,False
MSG0000197,clinical,medical_question,6.833333333333333,False
MSG0000195,clinical,results_question,3.5,False
MSG0000099,clinical,results_question,3.7333333333333334,False
MSG0000101,clinical,medication_question,3.8,False
MSG0000013,clinical,results_question,3.7666666666666666,False
MSG0000003,clinical,medical_question,1.5833333333333333,False
MSG0000201,clinical,results_question,6.183333333333334,False
MSG0000097,clinical,medication_question,2.8333333333333335,False
MSG0000001,clinical,results_question,4.066666666666666,False
MSG0000356,clinical,results_question,4.566666666666666,False
MSG0000294,clinical,medication_question,4.716666666666667,False
MSG0000358,clinical,medication_question,1.6166666666666667,False
MSG0000362,clinical,results_question,2.8666666666666667,False
MSG0000290,clinical,results_question,3.1333333333333333,False
MSG0000679,clinical,medication_question,0.16666666666666666,False
MSG0000499,clinical,medication_question,2.6666666666666665,False
MSG0000504,clinical,results_question,1.65,False
MSG0000502,clinical,medication_question,2.683333333333333,False
MSG0000585,clinical,results_question,6.333333333333333,False
MSG0000673,nonclinical,billing_question,1.8333333333333333,False
MSG0000591,clinical,results_question,4.616666666666666,False
MSG0000677,clinical,results_question,2.033333333333333,False
MSG0000675,nonclinical,appointment_request,6.183333333333334,False
MSG0000360,clinical,medication_question,4.116666666666666,False
MSG0000007,clinical,results_question,0.016666666666666666,False
MSG0000774,clinical,results_question,9.7,False
MSG0000942,clinical,medication_question,4.466666666666667,False
MSG0000199,clinical,medical_question,1.6833333333333333,False
MSG0000945,clinical,results_question,5.566666666666666,False
MSG0000768,clinical,results_question,1.0666666666666667,False
MSG0000587,clinical,results_question,3.4833333333333334,False
MSG0000292,clinical,results_question,4.15,False
MSG0001019,clinical,medical_question,4.9,False
MSG0001118,clinical,medication_question,5.4,False
MSG0001124,clinical,medical_question,1.1833333333333333,False
MSG0001120,clinical,results_question,4.383333333333334,False
MSG0001021,clinical,medical_question,0.55,False
MSG0001197,clinical,results_question,0.016666666666666666,False
MSG0001023,clinical,medical_question,4.183333333333334,False
MSG0001114,clinical,medical_question,0.05,False
MSG0000009,clinical,results_question,4.383333333333334,False
MSG0001297,clinical,results_question,6.933333333333334,False
MSG0001281,clinical,medication_question,0.4166666666666667,False
MSG0001265,clinical,medical_question,1.9833333333333334,False
MSG0000506,clinical,results_question,2.1166666666666667,False
MSG0001334,clinical,medication_question,1.5333333333333334,False
MSG0001321,nonclinical,cancellation,1.7833333333333334,False
MSG0001352,clinical,results_question,5.0,False
MSG0001336,clinical,medication_question,4.8,False
MSG0001315,clinical,medication_question,0.016666666666666666,False
MSG0001369,clinical,results_question,0.7833333333333333,False
MSG0001538,clinical,medical_question,5.733333333333333,False
MSG0001546,clinical,medication_question,3.8833333333333333,False
MSG0001371,clinical,medication_question,0.2833333333333333,False
MSG0001548,clinical,results_question,1.05,False
MSG0001375,clinical,medication_question,1.4833333333333334,False
MSG0001116,clinical,medical_question,2.9833333333333334,False
MSG0001710,clinical,medical_question,6.25,False
MSG0001632,clinical,medical_question,2.0833333333333335,False
MSG0001627,clinical,medication_question,0.45,False
MSG0001625,nonclinical,cancellation,4.083333333333333,False
MSG0001630,clinical,results_question,6.866666666666666,False
MSG0001790,clinical,medical_question,0.8833333333333333,False
MSG0001283,clinical,medication_question,1.9,False
MSG0001793,clinical,medication_question,4.616666666666666,False
MSG0001706,clinical,medical_question,3.783333333333333,False
MSG0001354,clinical,results_question,5.25,False
MSG0001377,clinical,medication_question,4.916666666666667,False
MSG0001317,clinical,medication_question,10.033333333333333,False
MSG0001883,clinical,medication_question,7.683333333333334,False
MSG0001881,clinical,results_question,0.6666666666666666,False
MSG0001540,clinical,medical_question,2.283333333333333,False
MSG0002041,clinical,results_question,0.016666666666666666,False
MSG0001879,clinical,medical_question,8.766666666666667,False
MSG0002281,clinical,medical_question,0.8666666666666667,False
MSG0002188,clinical,medical_question,7.0,False
MSG0002190,clinical,results_question,4.833333333333333,False
MSG0001319,clinical,medication_question,0.48333333333333334,False
MSG0002522,clinical,medical_question,1.9666666666666666,False
MSG0002520,clinical,medical_question,6.15,False
MSG0001708,clinical,medical_question,2.3333333333333335,False
MSG0002367,clinical,medication_question,0.8666666666666667,False
MSG0002518,clinical,results_question,4.233333333333333,False
MSG0002439,clinical,results_question,0.6333333333333333,False
MSG0001885,clinical,medication_question,1.8,False
MSG0002701,clinical,medication_question,1.5833333333333333,False
MSG0002682,clinical,medication_question,4.983333333333333,False
MSG0002680,clinical,medication_question,2.35,False
MSG0002678,clinical,results_question,2.433333333333333,False
MSG0002676,clinical,medical_question,0.016666666666666666,False
MSG0002655,clinical,medical_question,1.9,False
MSG0002524,clinical,medical_question,3.0166666666666666,False
MSG0002866,clinical,results_question,5.066666666666666,False
MSG0002864,clinical,results_question,4.083333333333333,False
MSG0002790,clinical,medication_question,6.7,False
MSG0002795,clinical,results_question,5.766666666666667,False
MSG0002868,clinical,results_question,2.55,False
MSG0002792,clinical,medical_question,1.6333333333333333,False
MSG0002713,clinical,results_question,2.966666666666667,False
MSG0002957,clinical,results_question,0.016666666666666666,False
MSG0002955,clinical,medical_question,2.9,False
MSG0003089,clinical,medical_question,3.4833333333333334,False
MSG0002953,clinical,medication_question,1.6666666666666667,False
MSG0003091,clinical,medical_question,1.9833333333333334,False
MSG0001542,clinical,medical_question,0.016666666666666666,False
MSG0002526,clinical,medical_question,4.333333333333333,False
MSG0003176,clinical,results_question,1.95,False
MSG0003249,clinical,medication_question,4.183333333333334,False
MSG0003329,clinical,medication_question,8.766666666666667,False
MSG0003174,clinical,results_question,1.9833333333333334,False
MSG0003172,clinical,medical_question,5.0,False
MSG0003167,clinical,results_question,921.7833333333333,False
MSG0003251,clinical,medication_question,8.166666666666666,False
MSG0003253,clinical,medication_question,3.3,False
MSG0003333,clinical,results_question,1.3666666666666667,False
MSG0003255,clinical,results_question,0.8833333333333333,False
MSG0002684,clinical,medication_question,4.883333333333334,False
MSG0003591,clinical,results_question,4.1,False
MSG0003414,clinical,medical_question,6.683333333333334,False
MSG0003593,clinical,results_question,0.8166666666666667,False
MSG0003412,clinical,results_question,0.08333333333333333,False
MSG0003501,clinical,medical_question,0.016666666666666666,False
MSG0003416,clinical,medical_question,3.2666666666666666,False
MSG0003331,clinical,medication_question,0.016666666666666666,False
MSG0003751,clinical,results_question,2.5166666666666666,False
MSG0003747,clinical,medical_question,3.466666666666667,False
MSG0003821,clinical,medication_question,0.21666666666666667,False
MSG0003823,clinical,medication_question,1.65,False
MSG0003825,clinical,results_question,3796.866666666667,False
MSG0003745,clinical,results_question,0.6,False
MSG0003257,clinical,results_question,3.4833333333333334,False
MSG0002686,clinical,medication_question,4.6,False
MSG0003930,clinical,medication_question,4.766666666666667,False
MSG0003917,clinical,results_question,5.15,False
MSG0003993,clinical,medical_question,3.0,False
MSG0003957,nonclinical,cancellation,5.3,False
MSG0003951,clinical,medical_question,3.05,False
MSG0003959,clinical,medication_question,2.966666666666667,False
MSG0004178,clinical,results_question,2.05,False
MSG0004185,clinical,results_question,3.6166666666666667,False
MSG0004176,clinical,medication_question,1.4666666666666666,False
MSG0004011,clinical,medical_question,2.25,False
MSG0004007,clinical,results_question,0.016666666666666666,False
MSG0004015,clinical,results_question,5.55,False
MSG0003953,clinical,medical_question,4.283333333333333,False
MSG0004173,clinical,medical_question,3.0833333333333335,False
MSG0004259,clinical,medical_question,5.766666666666667,False
MSG0004257,clinical,results_question,2.683333333333333,False
MSG0004267,clinical,results_question,2.0166666666666666,False
MSG0004255,clinical,results_question,0.016666666666666666,False
MSG0004427,clinical,results_question,0.4,False
MSG0004352,clinical,medical_question,3.2333333333333334,False
MSG0004265,clinical,results_question,2.183333333333333,False
MSG0004341,nonclinical,appointment_request,4.983333333333333,False
MSG0004346,clinical,medical_question,3.3666666666666667,False
MSG0004342,clinical,medical_question,0.8833333333333333,False
MSG0003419,clinical,medical_question,5.05,False
MSG0004180,clinical,results_question,1.2166666666666666,False
MSG0004505,clinical,results_question,0.26666666666666666,False
MSG0004586,clinical,medication_question,10.25,False
MSG0004658,clinical,medical_question,2.15,False
MSG0004592,clinical,medical_question,6.833333333333333,False
MSG0004009,clinical,results_question,4.433333333333334,False
MSG0004807,clinical,results_question,2.45,False
MSG0004805,clinical,medical_question,3.9833333333333334,False
MSG0004798,nonclinical,cancellation,2.066666666666667,False
MSG0004799,clinical,medication_question,1.1833333333333333,False
MSG0004735,clinical,medical_question,4.816666666666666,False
MSG0004733,clinical,medication_question,4.283333333333333,False
MSG0004801,clinical,medical_question,4.816666666666666,False
MSG0004875,clinical,results_question,2.2333333333333334,False
MSG0004950,clinical,medical_question,3.8666666666666667,False
MSG0005045,clinical,medical_question,0.9333333333333333,False
MSG0005054,clinical,medication_question,0.016666666666666666,False
MSG0005135,clinical,medication_question,5.816666666666666,False
MSG0005142,clinical,results_question,4.8,False
MSG0004956,clinical,results_question,9.7,False
MSG0004966,clinical,medical_question,3.783333333333333,False
MSG0004946,clinical,medical_question,3.75,False
MSG0004964,clinical,medical_question,0.48333333333333334,False
MSG0005139,nonclinical,cancellation,4.966666666666667,False
MSG0004948,clinical,results_question,1.7166666666666666,False
MSG0005050,clinical,results_question,3.216666666666667,False
MSG0004962,clinical,medical_question,7.633333333333334,False
MSG0004803,clinical,medical_question,8.95,False
MSG0004348,clinical,medical_question,4.933333333333334,False
MSG0005249,clinical,results_question,1.7666666666666666,False
MSG0005246,clinical,medication_question,7.9,False
MSG0005235,clinical,medication_question,2.933333333333333,False
MSG0005261,clinical,medication_question,1.65,False
MSG0005265,clinical,medication_question,1.9333333333333333,False
MSG0004588,clinical,medication_question,3.966666666666667,False
MSG0005263,clinical,results_question,4.316666666666666,False
MSG0005276,clinical,results_question,2.533333333333333,False
MSG0004958,clinical,results_question,1.4,False
MSG0005365,clinical,medication_question,5.833333333333333,False
MSG0005363,clinical,results_question,9.266666666666667,False
MSG0005437,clinical,medication_question,4.2,False
MSG0005439,clinical,medication_question,0.23333333333333334,False
MSG0005435,clinical,medical_question,8.066666666666666,False
MSG0005367,clinical,results_question,0.48333333333333334,False
MSG0005433,clinical,medical_question,3.3,False
MSG0005688,clinical,medical_question,1.05,False
MSG0005519,clinical,medical_question,5.1,False
MSG0005601,clinical,medication_question,1.2666666666666666,False
MSG0005048,clinical,medical_question,1.9833333333333334,False
MSG0005686,clinical,medication_question,0.016666666666666666,False
MSG0005684,clinical,medication_question,0.9333333333333333,False
MSG0005517,clinical,medication_question,4.833333333333333,False
MSG0005690,clinical,medication_question,5.316666666666666,False
MSG0005052,clinical,results_question,0.26666666666666666,False
MSG0005144,clinical,results_question,2.466666666666667,False
MSG0004590,clinical,medication_question,5.166666666666667,False
MSG0005822,clinical,medication_question,0.2,False
MSG0005812,clinical,medication_question,4.083333333333333,False
MSG0005900,clinical,results_question,2.4,False
MSG0005898,nonclinical,appointment_request,1.2166666666666666,False
MSG0005814,clinical,results_question,2.966666666666667,False
MSG0005751,clinical,results_question,6.783333333333333,False
MSG0005818,clinical,results_question,2.216666666666667,False
MSG0004350,clinical,medical_question,3.4166666666666665,False
MSG0005056,clinical,medication_question,1.0833333333333333,False
MSG0006036,clinical,medication_question,5.05,False
MSG0006038,clinical,results_question,2.3333333333333335,False
MSG0006126,clinical,results_question,8.1,False
MSG0005974,clinical,medical_question,5.333333333333333,False
MSG0005968,clinical,medical_question,0.9,False
MSG0005970,clinical,results_question,1.3666666666666667,False
MSG0006122,clinical,medication_question,2.1666666666666665,False
MSG0005146,clinical,results_question,4.9,False
MSG0006288,clinical,medication_question,4.7,False
MSG0006290,clinical,results_question,4.866666666666666,False
MSG0006358,clinical,results_question,1.85,False
MSG0006360,clinical,medical_question,0.016666666666666666,False
MSG0006124,clinical,medication_question,6.0,False
MSG0005972,clinical,results_question,5.283333333333333,False
MSG0006463,clinical,medical_question,1.4,False
MSG0006449,clinical,medical_question,2.65,False
MSG0006514,clinical,medical_question,3.7333333333333334,False
MSG0006510,clinical,results_question,4.883333333333334,False
MSG0006481,clinical,medication_question,3.433333333333333,False
MSG0006483,clinical,results_question,2.9166666666666665,False
MSG0006512,clinical,results_question,3.3333333333333335,False
MSG0006530,clinical,medical_question,2.283333333333333,False
MSG0006546,clinical,medication_question,4.033333333333333,False
MSG0006625,clinical,medical_question,3.65,False
MSG0006542,clinical,results_question,4.8,False
MSG0006623,clinical,medical_question,2.283333333333333,False
MSG0006621,clinical,medication_question,2.15,False
MSG0006548,clinical,medication_question,2.5833333333333335,False
MSG0006544,clinical,medication_question,8.25,False
MSG0006552,clinical,medication_question,3.45,False
MSG0006550,clinical,results_question,3.816666666666667,False
MSG0005820,clinical,results_question,2.5,False
MSG0006860,clinical,medical_question,6.7,False
MSG0006362,clinical,medical_question,3.716666666666667,False
MSG0006950,clinical,results_question,7.416666666666667,False
MSG0006485,clinical,results_question,3.1,False
MSG0006782,clinical,results_question,0.0,False
MSG0007125,clinical,results_question,0.7833333333333333,False
MSG0007039,clinical,medical_question,1.45,False
MSG0007035,clinical,medication_question,5.2,False
MSG0007446,clinical,medication_question,9.866666666666667,False
MSG0007444,clinical,medical_question,2.6,False
MSG0007366,nonclinical,appointment_request,4.4,False
MSG0007369,clinical,medical_question,6.35,False
MSG0007291,clinical,medication_question,9.416666666666666,False
MSG0007442,clinical,results_question,0.11666666666666667,False
MSG0007289,clinical,results_question,3.566666666666667,False
MSG0007694,clinical,medical_question,6.233333333333333,False
MSG0007615,clinical,medical_question,4.7,False
MSG0007611,clinical,medication_question,3.95,False
MSG0007620,clinical,medication_question,5.533333333333333,False
MSG0007533,clinical,medication_question,3.183333333333333,False
MSG0007699,clinical,medical_question,7.416666666666667,False
MSG0007608,clinical,medication_question,5.083333333333333,False
MSG0007691,clinical,medical_question,6.466666666666667,False
MSG0007448,clinical,medication_question,1.5666666666666667,False
MSG0007622,clinical,medication_question,0.48333333333333334,False
MSG0007689,clinical,results_question,6.016666666666667,False
MSG0007606,clinical,results_question,3.716666666666667,False
MSG0007799,clinical,medication_question,0.016666666666666666,False
MSG0007793,clinical,medication_question,1.6833333333333333,False
MSG0007795,clinical,medical_question,1.9166666666666667,False
MSG0007851,clinical,medical_question,1.4,False
MSG0007872,clinical,medication_question,0.016666666666666666,False
MSG0007876,clinical,medical_question,0.9166666666666666,False
MSG0007870,clinical,medication_question,9.7,False
MSG0007874,clinical,medication_question,0.8333333333333334,False
MSG0007965,clinical,results_question,0.6833333333333333,False
MSG0008048,clinical,results_question,4.783333333333333,False
MSG0007894,clinical,results_question,0.016666666666666666,False
MSG0008308,clinical,medical_question,3.1666666666666665,False
MSG0008217,clinical,medication_question,3.2333333333333334,False
MSG0008136,clinical,medical_question,4.366666666666666,False
MSG0008302,clinical,results_question,4.566666666666666,False
MSG0007878,clinical,medical_question,3.6166666666666667,False
MSG0008461,clinical,results_question,2.466666666666667,False
MSG0008374,clinical,medical_question,4.45,False
MSG0008548,clinical,medical_question,4.95,False
MSG0008050,clinical,results_question,1.35,False
MSG0008463,clinical,medical_question,4.683333333333334,False
MSG0008372,clinical,results_question,8.066666666666666,False
MSG0008465,clinical,medical_question,1.7333333333333334,False
MSG0008552,clinical,medical_question,4.633333333333334,False
MSG0008377,clinical,medication_question,2.45,False
MSG0008637,clinical,medical_question,6.316666666666666,False
MSG0008813,clinical,medication_question,1.0333333333333334,False
MSG0008647,clinical,medical_question,5.066666666666666,False
MSG0008819,clinical,medication_question,1.8333333333333333,False
MSG0008811,clinical,medication_question,5.033333333333333,False
MSG0008639,clinical,medication_question,5.833333333333333,False
MSG0008735,clinical,medication_question,2.2,False
MSG0008737,clinical,results_question,2.3833333333333333,False
MSG0008821,clinical,results_question,4.0,False
MSG0008825,clinical,medical_question,1.7666666666666666,False
MSG0008644,clinical,medical_question,6.016666666666667,False
MSG0008635,clinical,results_question,3.0833333333333335,False
MSG0008732,clinical,medication_question,0.016666666666666666,False
MSG0008726,clinical,medication_question,3.6166666666666667,False
MSG0008815,clinical,results_question,5.916666666666667,False
MSG0008304,clinical,results_question,3.0166666666666666,False
MSG0009003,clinical,results_question,0.7333333333333333,False
MSG0007880,clinical,medical_question,3.5833333333333335,False
MSG0008909,clinical,medical_question,1.6833333333333333,False
MSG0009090,clinical,results_question,5.633333333333334,False
MSG0009092,clinical,results_question,2.45,False
MSG0008554,clinical,medical_question,2.5,False
MSG0008817,clinical,results_question,2.1333333333333333,False
MSG0009005,clinical,medication_question,2.6333333333333333,False
MSG0009009,clinical,medication_question,5.083333333333333,False
MSG0009094,clinical,medical_question,1.8,False
MSG0008917,clinical,results_question,1.9,False
MSG0008915,clinical,results_question,0.6,False
MSG0008913,clinical,medical_question,0.016666666666666666,False
MSG0009088,clinical,results_question,7.516666666666667,False
MSG0009162,clinical,results_question,2.8333333333333335,False
MSG0009160,clinical,results_question,2.25,False
MSG0009158,clinical,medical_question,4.566666666666666,False
MSG0008642,clinical,medication_question,0.8166666666666667,False
MSG0008823,clinical,results_question,3.066666666666667,False
MSG0008306,clinical,results_question,8.333333333333334,False
MSG0009219,clinical,medication_question,4.333333333333333,False
MSG0008650,clinical,medical_question,0.016666666666666666,False
MSG0009403,clinical,results_question,8.566666666666666,False
MSG0009253,clinical,medical_question,1.5166666666666666,False
MSG0009246,nonclinical,billing_question,7.25,False
MSG0009248,clinical,results_question,0.016666666666666666,False
MSG0008919,clinical,results_question,3.9166666666666665,False
MSG0009244,clinical,results_question,0.016666666666666666,False
MSG0009242,clinical,medication_question,4.766666666666667,False
MSG0009332,clinical,results_question,3.816666666666667,False
MSG0009330,clinical,medication_question,4.733333333333333,False
MSG0008911,clinical,medical_question,5.616666666666666,False
MSG0009641,clinical,medication_question,14.916666666666666,False
MSG0009639,clinical,medication_question,0.7166666666666667,False
MSG0009475,clinical,medical_question,0.016666666666666666,False
MSG0009564,clinical,results_question,15.733333333333333,False
MSG0009645,clinical,results_question,2.3833333333333333,False
MSG0009250,clinical,results_question,3.1166666666666667,False
MSG0009743,clinical,medical_question,5.566666666666666,False
MSG0009739,clinical,medication_question,2.7333333333333334,False
MSG0009889,clinical,medical_question,1.0333333333333334,False
MSG0009896,clinical,results_question,2.3333333333333335,False
MSG0009737,clinical,results_question,5.133333333333334,False
MSG0009891,clinical,results_question,7.116666666666666,False
MSG0009741,clinical,medical_question,6.433333333333334,False
MSG0009820,clinical,results_question,1.4166666666666667,False
MSG0009731,clinical,medical_question,2.1166666666666667,False
MSG0009893,clinical,medical_question,0.7166666666666667,False
MSG0009477,clinical,medical_question,2.2,False
MSG0009816,clinical,medical_question,3.316666666666667,False
MSG0009647,clinical,results_question,1.8,False
MSG0009962,clinical,medication_question,3.1333333333333333,False
MSG0009966,clinical,medication_question,3.75,False
MSG0010050,clinical,medication_question,7.566666666666666,False
MSG0010151,clinical,medication_question,3.0166666666666666,False
MSG0010060,clinical,results_question,1.6166666666666667,False
MSG0010058,clinical,medical_question,8.1,False
MSG0010303,clinical,medical_question,0.43333333333333335,False
MSG0010219,clinical,results_question,13.666666666666666,False
MSG0010384,clinical,results_question,0.9166666666666666,False
MSG0010221,clinical,medical_question,3.216666666666667,False
MSG0009007,clinical,medication_question,0.016666666666666666,False
MSG0010223,clinical,results_question,3.3,False
MSG0010382,clinical,medication_question,11.0,False
MSG0010309,clinical,medical_question,5.483333333333333,False
MSG0010486,clinical,medical_question,3.2333333333333334,False
MSG0010482,clinical,medical_question,5.466666666666667,False
MSG0010484,clinical,results_question,2.4833333333333334,False
MSG0009643,clinical,medication_question,9.1,False
MSG0009733,clinical,medical_question,3.716666666666667,False
MSG0010533,clinical,results_question,5.466666666666667,False
MSG0010305,clinical,medical_question,2.8666666666666667,False
MSG0010512,clinical,medical_question,4.783333333333333,False
MSG0010307,clinical,medical_question,5.116666666666666,False
MSG0009735,clinical,medical_question,3.566666666666667,False
