patient_hash,message_threads,completed_visits,threads_per_visit
002a0bffafeb38f4,2.0,2.0,1.0
02af8feb4de58072,1.0,0.0,
04eb778f151febb8,1.0,1.0,1.0
06b54a63522f73d0,1.0,0.0,
06f122aaedd21202,1.0,0.0,
06ff102abe71b6e6,1.0,1.0,1.0
07400027f0bc8967,1.0,0.0,
087fd58ea947c52a,1.0,3.0,0.3333333333333333
0960cd2748fb7297,1.0,1.0,1.0
09c3f729098212b6,1.0,1.0,1.0
0c5dc9cec9eb849a,2.0,1.0,2.0
0caa5e6788e83c44,1.0,0.0,
0ced62412edf39ec,1.0,2.0,0.5
0eb0cc42c6fe5c7f,1.0,0.0,
0f26c322a770f4f5,1.0,3.0,0.3333333333333333
0f27641918c95489,1.0,2.0,0.5
0f702587a614a87b,1.0,0.0,
0fe6775ae9839700,1.0,1.0,1.0
10afdf82c3ab9541,1.0,2.0,0.5
11f7db8bd7931184,1.0,0.0,
1218c8b2c9daeb2b,1.0,1.0,1.0
12419598321b3a3b,1.0,1.0,1.0
133750ab4830a075,1.0,2.0,0.5
14403d5e1bc2d265,2.0,2.0,1.0
147c27ad470cd937,1.0,0.0,
149d191eaa0edb4a,2.0,0.0,
14ccf09fd600a33b,1.0,0.0,
151da01c30f17c42,1.0,1.0,1.0
1582a06d056e0b64,1.0,0.0,
16bb68d7d73674fa,1.0,2.0,0.5
16fb85583b5c45f4,1.0,2.0,0.5
17e2334b77a5cf0a,1.0,0.0,
18c4fbdb6701bb1d,2.0,0.0,
1a191b1b6976c4bc,1.0,1.0,1.0
1b2d0e8bf715981a,1.0,0.0,
1cae8218ee1eda39,2.0,1.0,2.0
1cee633746e7a6fa,1.0,0.0,
20b96298da7ea681,3.0,4.0,0.75
21422a029490d5c6,1.0,0.0,
232ea0431d74b7e3,1.0,0.0,
24c3807b0c79bf1a,1.0,0.0,
260ac996270bfa0d,1.0,0.0,
26a31cac58801765,1.0,0.0,
28e2a319a223d682,1.0,1.0,1.0
2a0ac04dfbcd3921,1.0,0.0,
2b22475899bc612d,1.0,0.0,
2c7043e43c3a3f15,1.0,0.0,
2da347cfbcde9c8f,1.0,1.0,1.0
2df78b5575d3020f,1.0,0.0,
2e8d38ee60b95129,1.0,1.0,1.0
2fa23472d7e588a7,1.0,1.0,1.0
31a0c90d0f292bf2,1.0,1.0,1.0
323cab90984c9310,1.0,0.0,
32e3ddc456704ab8,1.0,3.0,0.3333333333333333
3458c4e2a367ad8a,1.0,0.0,
352417233c5a9737,1.0,2.0,0.5
357e683e5745efee,2.0,3.0,0.6666666666666666
358b1f69bb41e201,1.0,1.0,1.0
358d06f6223fa7c3,1.0,1.0,1.0
35dc0634ac4b6d26,1.0,0.0,
36fdf64a9b15ec0f,1.0,1.0,1.0
377b8bfcc6f7cc91,1.0,0.0,
389d599ee7dfa490,2.0,1.0,2.0
38f983c4ef608df8,2.0,7.0,0.2857142857142857
39a8432f30243469,5.0,5.0,1.0
3d2ce594dd93aeb2,2.0,0.0,
3d4e231faa6197c8,1.0,1.0,1.0
3d649863fb09f7d4,1.0,0.0,
3db841598eaae74b,2.0,0.0,
3e07766cb3b0fcac,1.0,0.0,
3e797f134a8b95bc,1.0,0.0,
3eabbe676376ee54,1.0,1.0,1.0
3f6ffff9c738f9cd,1.0,1.0,1.0
412b280faa966cb8,1.0,1.0,1.0
422514bc0a8c32c7,1.0,1.0,1.0
4283db6edc790f39,1.0,1.0,1.0
45ab3b110409e887,1.0,2.0,0.5
45c35b663b611fed,1.0,0.0,
46b9abd923f99530,1.0,0.0,
476fdcd02ce34a29,2.0,0.0,
4ab6160c4fa1b532,1.0,4.0,0.25
4ac3013a95fa3915,1.0,1.0,1.0
4af14861d7881ed0,1.0,0.0,
4b4108cf9b02a0ac,2.0,0.0,
4c489d1cd1547705,1.0,1.0,1.0
4cd82815a1cf8554,1.0,0.0,
4d6de87d3f1b33ba,2.0,1.0,2.0
4ec058ab29d39b14,1.0,1.0,1.0
4f512ba0781c50da,1.0,1.0,1.0
4fec528587a7af19,1.0,1.0,1.0
5016bfacf1fc3014,1.0,0.0,
504eda1753d3d9cc,1.0,1.0,1.0
510ebb76d4015cda,1.0,0.0,
52383e80be522894,2.0,3.0,0.6666666666666666
52f73fafa0bdf0cf,1.0,3.0,0.3333333333333333
53a7acfa633cddbb,2.0,1.0,2.0
53ecef54171bfd49,2.0,0.0,
54c624cd3baa5e75,1.0,3.0,0.3333333333333333
54ce5a80bc985322,4.0,3.0,1.3333333333333333
578f70041bbf037c,4.0,1.0,4.0
5819fa384c42ae7d,1.0,0.0,
588095745d1155ca,3.0,3.0,1.0
58d23a44768c5fb2,1.0,0.0,
58f9fb246ae4fb46,2.0,0.0,
59d618ee6037e05f,1.0,1.0,1.0
5a0ad7d6ca61050e,1.0,1.0,1.0
5a3e8a1c31e904d2,1.0,2.0,0.5
5a67dddeb5ca7666,1.0,3.0,0.3333333333333333
5a6f453398af6c56,10.0,5.0,2.0
5b1db0d8616f5d22,4.0,1.0,4.0
5c84346a70004872,7.0,2.0,3.5
5c8f7f613e1ac64e,2.0,2.0,1.0
5d0b45e0357aaf7d,1.0,2.0,0.5
5d79527cc9ba4ff8,1.0,0.0,
5e86e9a5d0c35913,1.0,0.0,
60e97425c05e9070,3.0,1.0,3.0
615244d183e087a3,3.0,4.0,0.75
618535b763f72cd8,1.0,0.0,
61ce9eca9be56e9f,1.0,1.0,1.0
61d8bf949fdd9179,2.0,0.0,
631e5ac411580fe1,1.0,0.0,
634a26311e4ed214,1.0,3.0,0.3333333333333333
641eb3bd41409d6b,1.0,1.0,1.0
64917f9b9bb52955,1.0,0.0,
64ba7ce1dd1f431b,1.0,0.0,
679f6cd49921b100,2.0,0.0,
67a66bbae4022912,1.0,0.0,
67bb9c4c786aabeb,1.0,1.0,1.0
68f517e0151fb30b,1.0,0.0,
6abbb74534b886d5,1.0,0.0,
6b895beaae0b30e3,3.0,1.0,3.0
6c2f43649e73406c,2.0,2.0,1.0
6c529c9758443099,1.0,0.0,
6d15b8cc6205837d,1.0,1.0,1.0
6d7f410412cad38b,1.0,0.0,
6f61d733e790394c,1.0,0.0,
6ff93c87fce688e5,1.0,2.0,0.5
71dafb48608756e7,1.0,0.0,
72679dc4714cf3cc,2.0,0.0,
7283c916960fade7,1.0,0.0,
72cbaad3021fb963,2.0,1.0,2.0
732ff2323802caec,2.0,2.0,1.0
7419f8e622915b51,1.0,1.0,1.0
7424b30cf8e399a1,1.0,0.0,
74ad225861382665,1.0,0.0,
758c01e1c89f11fb,1.0,1.0,1.0
76260d08191fd63e,2.0,3.0,0.6666666666666666
77a8b764c6634888,1.0,2.0,0.5
783d20883a6a6412,2.0,0.0,
78417b8ea88d5589,1.0,0.0,
7864848bd025a5e3,1.0,0.0,
7b4758f2f11c179c,1.0,1.0,1.0
7bcaee7572898fe2,1.0,0.0,
7cd8ac2b8b869223,3.0,1.0,3.0
7d64d128125bf91a,1.0,5.0,0.2
7dc1580a77cbb745,2.0,3.0,0.6666666666666666
7f48580db9de8e71,1.0,0.0,
80a39321da6f2417,1.0,1.0,1.0
815b1abaea9d75fd,1.0,0.0,
8178de9aa38bffd3,1.0,2.0,0.5
82807dd7da314ade,1.0,1.0,1.0
838de746ac72bcf2,1.0,1.0,1.0
87492204caa359c4,1.0,0.0,
883e0187de5f1965,1.0,6.0,0.16666666666666666
88d6da0e638f5c6d,1.0,3.0,0.3333333333333333
89cbfda9eaa03359,1.0,0.0,
8a481d509ef7f95c,1.0,0.0,
8a6a6e8b9cf38df9,2.0,1.0,2.0
8b7a8e207fbac1d7,1.0,0.0,
8ba66d0cb04e0974,3.0,3.0,1.0
8de7a11afea43a21,3.0,2.0,1.5
8e8a90b257a381d2,1.0,1.0,1.0
8ecbc169c570f952,1.0,1.0,1.0
9081182875d05aef,1.0,1.0,1.0
914a368a7ae0aa1f,1.0,0.0,
921430e158501a44,2.0,1.0,2.0
927261900d48333e,1.0,3.0,0.3333333333333333
928cae19582065cf,1.0,0.0,
937a38eeae9950ca,1.0,0.0,
938e40bc0b63ce51,1.0,0.0,
93a59663f2127753,1.0,0.0,
943e442df98b6ba5,3.0,1.0,3.0
94cf03589a78da89,1.0,0.0,
951333cb59f469cd,1.0,0.0,
9546aaaf8f1e268a,2.0,6.0,0.3333333333333333
95e5da07d3964381,1.0,2.0,0.5
9635d977255f8add,1.0,0.0,
9703550ca54cda60,3.0,2.0,1.5
981274ae72ffb59d,1.0,2.0,0.5
98b3d3d5fa513ecc,1.0,0.0,
992cf21348f4f48f,1.0,3.0,0.3333333333333333
993ac8bbb8c5440b,2.0,2.0,1.0
9aa69edc8d6a092d,1.0,2.0,0.5
9b7bb61de5bde525,1.0,0.0,
9b8c506d60fc2835,1.0,1.0,1.0
9bd4927fa788000c,1.0,0.0,
9c5f61bd2de3c6f4,1.0,0.0,
9c751d5e3dd6c7f5,1.0,0.0,
9d2141be020b9b99,1.0,0.0,
9dd6b35e06e59760,1.0,0.0,
9e149d06af03a117,1.0,2.0,0.5
9e3bf9ed08ca73a4,1.0,1.0,1.0
9efb83795b338ffc,1.0,0.0,
9f036b0461a01a33,2.0,0.0,
a27990802879d1b8,1.0,0.0,
a2e2319d77c86698,1.0,2.0,0.5
a407ca9311466dde,1.0,1.0,1.0
a4fdf0e259bd292f,1.0,0.0,
a58ab15cd753cf21,4.0,1.0,4.0
a5ec0a325fb7ac38,2.0,2.0,1.0
a8ec68da6e4b00b3,1.0,3.0,0.3333333333333333
a9c20908e971eca2,1.0,2.0,0.5
aad0358b98366a53,3.0,3.0,1.0
abb08f502dcc4dc1,1.0,1.0,1.0
abdda460e5699732,2.0,3.0,0.6666666666666666
acb2c995aa2a51dc,2.0,1.0,2.0
acfaffaeeb1c9d7c,1.0,0.0,
ad019c049e2702c9,1.0,0.0,
ad43085fdbc7fbd5,1.0,0.0,
ae40d622282418e6,1.0,2.0,0.5
ae8ceb26e151d34b,3.0,2.0,1.5
af90ff1bf5f0b926,1.0,1.0,1.0
b0be8f8c0fae0a14,1.0,3.0,0.3333333333333333
b0c9d0307ec1fdd1,3.0,6.0,0.5
b2b844fea0aa49cf,3.0,4.0,0.75
b2b9824b0502e6ae,1.0,1.0,1.0
b489ac4c6e19ff65,2.0,0.0,
b5081d4e3e1af47c,2.0,2.0,1.0
b54f489b8a009dab,1.0,0.0,
b615a59aaf0c6cac,1.0,2.0,0.5
b6f520d13b80ae7f,1.0,1.0,1.0
b7931aacb2a98090,1.0,1.0,1.0
b82fa3d3179075b9,1.0,1.0,1.0
b88ad61db3a9362e,2.0,0.0,
b8a73088c555fc32,1.0,1.0,1.0
b8bb1f19593a3136,1.0,0.0,
b9c8dd54382a4ca1,1.0,1.0,1.0
bb0ed28829c38967,3.0,0.0,
bdbb0a7002c8a4b8,2.0,2.0,1.0
be41ac8e5ae3c80b,3.0,2.0,1.5
bf3d2f0a57eb1b35,1.0,1.0,1.0
bff3eb43137f3bfc,1.0,1.0,1.0
bff410ad5acd5ff1,1.0,0.0,
bffed03eb0d86c53,1.0,0.0,
c13fc1283496effd,4.0,0.0,
c174944da466a30f,4.0,2.0,2.0
c21b38042fa36162,1.0,0.0,
c2a768da893ba75c,6.0,3.0,2.0
c37c595280e95337,1.0,0.0,
c3fa974f629bbc71,1.0,0.0,
c41946291e58259d,1.0,1.0,1.0
c4f7dd5fdc016842,1.0,0.0,
c54a4cc7cb63f608,1.0,2.0,0.5
c58221b3287d3e89,1.0,1.0,1.0
c5859de4e4c1ef61,2.0,4.0,0.5
c612f8c451208a24,1.0,2.0,0.5
c6a4ba908083fb0c,1.0,1.0,1.0
c6e4f25a63ec8536,1.0,0.0,
c7b1f9e5682e3871,1.0,1.0,1.0
c818b64cf6226fbd,1.0,1.0,1.0
c898789ff6513de1,1.0,1.0,1.0
c981a3655488fcdb,1.0,0.0,
c99b651afd2057a3,1.0,0.0,
c9b4d2c0adb02411,1.0,0.0,
c9eb88d125a45188,1.0,1.0,1.0
cb60c0f6d32f9d66,1.0,0.0,
cc7f72352ec166ab,1.0,0.0,
ccb48d92f2fd1034,1.0,0.0,
ccd6dc2f2bedfcfb,1.0,4.0,0.25
ce3526f0b0f27569,1.0,1.0,1.0
ce8ad9d3918638e5,2.0,2.0,1.0
cecd5f8085c51522,1.0,0.0,
cee35d2125a6e5e4,1.0,2.0,0.5
cf03e34fcf895cb3,2.0,1.0,2.0
cf084f422bb6e955,1.0,0.0,
d0f2e04cec6c9ead,1.0,2.0,0.5
d2d90728336f43a1,1.0,0.0,
d3edca160fd1445d,1.0,1.0,1.0
d5a44b2e84da42b9,1.0,3.0,0.3333333333333333
d5e98dcd17afec99,1.0,1.0,1.0
d613ec6dd449ee00,1.0,1.0,1.0
d6bfced72d56a847,1.0,1.0,1.0
d917e48d508fee9f,1.0,0.0,
d92a32d4c83a9ae8,6.0,3.0,2.0
da04dc48347a892a,1.0,0.0,
dab7a42f652386f6,1.0,0.0,
daf49143215b68f5,1.0,1.0,1.0
dc5b7a343f440ae0,2.0,0.0,
dc891925b525d5ec,1.0,0.0,
de7bd6ac229c85a1,1.0,0.0,
dea0adde4e874fc4,2.0,0.0,
decae79894d37937,1.0,2.0,0.5
df25c8d9f08fcfcc,1.0,3.0,0.3333333333333333
dfbb8674faed2253,1.0,0.0,
dfeb61e05c46638e,1.0,1.0,1.0
e093c135d4465a77,1.0,1.0,1.0
e0ded91e420044a1,1.0,1.0,1.0
e167805a96a3cd5e,1.0,1.0,1.0
e21c95ef04c1ac4a,2.0,1.0,2.0
e29e9c41df64afb2,1.0,2.0,0.5
e37d30aa06e89900,1.0,0.0,
e40b3f77e8876e85,1.0,0.0,
e41b90a008b424ab,2.0,1.0,2.0
e546cdf616d497f2,2.0,1.0,2.0
e58668e1ea6c5800,1.0,2.0,0.5
e65ef2795bfaed4a,1.0,0.0,
e661c0da5c13d1ac,1.0,0.0,
e6ac59dd3307ede8,1.0,3.0,0.3333333333333333
e7dee982ec38a5a8,1.0,0.0,
e979ba8e20f82291,1.0,2.0,0.5
e97e7a49f7248db6,2.0,3.0,0.6666666666666666
eadcf3637e233e90,1.0,0.0,
eaf43f31559285f0,1.0,1.0,1.0
eb6e3b224f491fb7,8.0,3.0,2.6666666666666665
ec58d73bfcdb1d8d,1.0,1.0,1.0
ed440d3506dbe8e8,1.0,0.0,
edab330ee87792a2,1.0,0.0,
edc58f11d41bd4c5,1.0,2.0,0.5
ee591a1b5d086c6b,1.0,0.0,
ee98fa12798757f2,1.0,1.0,1.0
eebfd28abf08e526,1.0,0.0,
ef3d8146c3dbcfde,1.0,1.0,1.0
ef6ce4c1326e38d6,1.0,0.0,
ef9b320c87d6a493,1.0,4.0,0.25
f125ffa359fd56ee,1.0,3.0,0.3333333333333333
f2b688e0f18c5ab4,1.0,1.0,1.0
f4440527745993c4,1.0,0.0,
f4f99be8fb5ba7c7,1.0,1.0,1.0
f4ffda62089bbd78,1.0,1.0,1.0
f579e74589a1e834,1.0,0.0,
f5d82a8e4f721661,1.0,2.0,0.5
f62596d88d4be0eb,1.0,1.0,1.0
f642ef197e402214,4.0,1.0,4.0
f645f8ba61002f79,1.0,0.0,
f80a5930a9d2bd3f,1.0,1.0,1.0
f9fc87f1872222cf,3.0,4.0,0.75
fa06f9b8dcc24910,1.0,1.0,1.0
fc63c8f35ab37e47,2.0,2.0,1.0
fca3f0d166a62e15,1.0,1.0,1.0
fdee80a41acfabf4,1.0,0.0,
fe08ab295170839a,3.0,3.0,1.0
fe78232bfd328020,1.0,0.0,
ffc5e219b8bdbba4,1.0,0.0,
001b0961a66b8875,0.0,1.0,0.0
004a862469abf67a,0.0,1.0,0.0
004c55a5fcbdcde4,0.0,2.0,0.0
00868ffabd2e1675,0.0,1.0,0.0
00b94d5ec0dc102f,0.0,2.0,0.0
00e63003542e2daa,0.0,1.0,0.0
012156f22f8c05d7,0.0,2.0,0.0
012a86aa52ae4d1b,0.0,1.0,0.0
01b1dfb077a00830,0.0,1.0,0.0
022593eebed8be88,0.0,1.0,0.0
022712b4e462b65f,0.0,1.0,0.0
0268777b2da9ab28,0.0,2.0,0.0
029b675a4036f803,0.0,1.0,0.0
02f0a8f47e8f4bb1,0.0,1.0,0.0
035915a4b446bda1,0.0,1.0,0.0
03a455f7c9fa7f43,0.0,3.0,0.0
03a6639e9b8f15b9,0.0,1.0,0.0
03b7ab3832552b3a,0.0,1.0,0.0
03dc20355d2004d8,0.0,1.0,0.0
040f610599f27d8e,0.0,1.0,0.0
0423e6fb5dd2a501,0.0,1.0,0.0
044d8d52f6071366,0.0,1.0,0.0
0522a73981be0c01,0.0,1.0,0.0
0554becc311d7868,0.0,1.0,0.0
0569d65a4c681a27,0.0,1.0,0.0
059b926d0269507c,0.0,1.0,0.0
05c68e4c8d9e0b4f,0.0,1.0,0.0
05cc985843938d44,0.0,1.0,0.0
06127a0e73f4b54c,0.0,2.0,0.0
066101b720eb7876,0.0,1.0,0.0
068d9d240adbd76c,0.0,1.0,0.0
06bf6d390026f408,0.0,1.0,0.0
06c4f880b48a726c,0.0,1.0,0.0
06fabb5c8715c50a,0.0,1.0,0.0
06fb7090c243e617,0.0,1.0,0.0
0713a189be56653a,0.0,1.0,0.0
073415daaa370f70,0.0,1.0,0.0
076c2627dd1a6dff,0.0,1.0,0.0
07760dac9bf247cc,0.0,1.0,0.0
077da946ce812f7a,0.0,1.0,0.0
07a580e06d02fb5a,0.0,2.0,0.0
07d56be1990d73a5,0.0,1.0,0.0
07da0c77b867cf85,0.0,2.0,0.0
07e8b79a795d2ba6,0.0,1.0,0.0
07f22b0c558bcef1,0.0,1.0,0.0
083b881cbe31baeb,0.0,1.0,0.0
08814094f09d5e6f,0.0,1.0,0.0
0887a8c68a341986,0.0,2.0,0.0
089d4369048b67d7,0.0,4.0,0.0
092227d7dc64e5e0,0.0,1.0,0.0
094f515f08cf3386,0.0,1.0,0.0
09ea14b67cfcd11a,0.0,1.0,0.0
0a2760acf4cb34e0,0.0,1.0,0.0
0a55eeee1a4286bd,0.0,1.0,0.0
0a64693a3e1b0e41,0.0,1.0,0.0
0a9ac916653c3755,0.0,1.0,0.0
0a9c3895747f1152,0.0,1.0,0.0
0adbcced05f12f6b,0.0,1.0,0.0
0b2187cf29510a65,0.0,1.0,0.0
0b5cb863dee14e2d,0.0,2.0,0.0
0b73e79fd554b3f6,0.0,1.0,0.0
0c2f0af5a5b1b6bb,0.0,1.0,0.0
0c6df8db4f305595,0.0,1.0,0.0
0c98200762243f70,0.0,2.0,0.0
0ccaa3a5daa2a6fb,0.0,1.0,0.0
0ccdce6536c491ee,0.0,1.0,0.0
0cdac66d60dcdc60,0.0,2.0,0.0
0cf0691638646d33,0.0,1.0,0.0
0d411a46be77b5c6,0.0,1.0,0.0
0d57a018b3c22e18,0.0,1.0,0.0
0d805133488437de,0.0,1.0,0.0
0e3c00ffed9b7075,0.0,3.0,0.0
0e4d776cb81a8f97,0.0,1.0,0.0
0ee392f5116cb5b1,0.0,1.0,0.0
0f00d611cffe6c3c,0.0,2.0,0.0
0f531ffbcd30699f,0.0,1.0,0.0
0f822fa30bd3aa30,0.0,1.0,0.0
0fa2949721e01489,0.0,3.0,0.0
0fa73712440c0447,0.0,1.0,0.0
0fec124e2dc24aae,0.0,1.0,0.0
101b4988481bcd13,0.0,1.0,0.0
102f712cd0f7f189,0.0,1.0,0.0
1043388e03db4825,0.0,3.0,0.0
109d5afd96459a31,0.0,2.0,0.0
110beae4db285cf6,0.0,2.0,0.0
1135a2a3fba17b8a,0.0,2.0,0.0
117be039c2884f92,0.0,1.0,0.0
11850a26ce8a4f25,0.0,1.0,0.0
118fb33dbcce2e5e,0.0,1.0,0.0
119433a5b4b6d7bf,0.0,1.0,0.0
11a09c04b2f547ae,0.0,1.0,0.0
11ab1e6f898f6795,0.0,1.0,0.0
11bb3d858a552b96,0.0,2.0,0.0
11bf96b542918379,0.0,1.0,0.0
123a4d85f62464e4,0.0,1.0,0.0
13042dea8a6f9094,0.0,1.0,0.0
131b89f6a85a9e64,0.0,1.0,0.0
13a11c347db16565,0.0,1.0,0.0
13a96f4b309047a2,0.0,1.0,0.0
13bc8e98ee1802e8,0.0,3.0,0.0
141df278c883ed69,0.0,1.0,0.0
14439243d2414083,0.0,1.0,0.0
14a7d1769677bc4e,0.0,1.0,0.0
1510d10d49618090,0.0,2.0,0.0
1642c1c6393c882f,0.0,1.0,0.0
16da319db31693c0,0.0,2.0,0.0
16ffc87dba4df0a6,0.0,1.0,0.0
171392e3392e6b35,0.0,1.0,0.0
172b99773285fbaf,0.0,1.0,0.0
174f9d02778d0d4e,0.0,1.0,0.0
17a3cd7d2f916878,0.0,2.0,0.0
17a9fb761906539b,0.0,1.0,0.0
17d2bd6fbbd40b05,0.0,1.0,0.0
1811964e2c18f6d7,0.0,2.0,0.0
18154c452db8ad6f,0.0,2.0,0.0
1847cf9474fd8a9a,0.0,1.0,0.0
18481c172079ed69,0.0,1.0,0.0
185ce2829d492841,0.0,1.0,0.0
188336c9d277d988,0.0,1.0,0.0
189cf60c68865ffa,0.0,1.0,0.0
18ca545f0a447afe,0.0,1.0,0.0
18e5a1eb9bd769e2,0.0,1.0,0.0
193abfbc7d89cad8,0.0,1.0,0.0
194de118a9283fe4,0.0,1.0,0.0
1954843f5042b1d9,0.0,2.0,0.0
196dac1124f1aabd,0.0,1.0,0.0
19782052e656060e,0.0,1.0,0.0
1987c7a2b5e16a3a,0.0,2.0,0.0
199af889fba1b107,0.0,2.0,0.0
19bbe6bf60017686,0.0,1.0,0.0
19be17ba0ea13e65,0.0,1.0,0.0
19bfbbb8b593e9bf,0.0,1.0,0.0
19c12f834e6cb048,0.0,2.0,0.0
19c7d015a2749cd6,0.0,1.0,0.0
19ce350dedb7146a,0.0,1.0,0.0
1a15641a1fc547d5,0.0,1.0,0.0
1a25eeb6ea3cde6a,0.0,1.0,0.0
1a2bd6e43e67d53c,0.0,1.0,0.0
1a39eb32ebd346fb,0.0,1.0,0.0
1a62f7cdbf85b4b0,0.0,1.0,0.0
1a698266e9585838,0.0,2.0,0.0
1a6f2a19a7f92655,0.0,2.0,0.0
1a8e200ef6d8f152,0.0,1.0,0.0
1af36bd9f2ebbecb,0.0,1.0,0.0
1b994b98799a5c71,0.0,1.0,0.0
1c229e8b2dbd97cc,0.0,1.0,0.0
1c4b50c19275c739,0.0,1.0,0.0
1d082be297ff77e4,0.0,2.0,0.0
1d5b27e9604602fe,0.0,1.0,0.0
1d73eff23278b194,0.0,1.0,0.0
1d756940077c6676,0.0,1.0,0.0
1d844f5572cca2aa,0.0,1.0,0.0
1d90ee818cd20d8c,0.0,2.0,0.0
1df95a3238d7922b,0.0,1.0,0.0
1e3f5dbc2cc0979b,0.0,3.0,0.0
1e6a15b747be993a,0.0,1.0,0.0
1e7fc0d4591adc11,0.0,1.0,0.0
1eaee931003bc9ff,0.0,1.0,0.0
1efc0fc17553f2c3,0.0,1.0,0.0
1f4a09b5e36f0f8a,0.0,2.0,0.0
1f52c26f7c1eedc3,0.0,1.0,0.0
1feb1000998c83ab,0.0,1.0,0.0
202ae131baada46e,0.0,2.0,0.0
207b3049c8c3e446,0.0,1.0,0.0
2094a022455dca66,0.0,1.0,0.0
20b0bdb3a01f4ec1,0.0,3.0,0.0
211903fe1c5972a6,0.0,2.0,0.0
2133e3fb25e08568,0.0,1.0,0.0
213d0b53bf2d9b60,0.0,2.0,0.0
214fb3359877d453,0.0,2.0,0.0
21841e5c9caa44f4,0.0,1.0,0.0
21c82d7bbd0cb498,0.0,2.0,0.0
21ecd0e12c8df3c1,0.0,2.0,0.0
2209f887d9aabd68,0.0,1.0,0.0
2231659abb2061dc,0.0,1.0,0.0
2245cdbbc6434c28,0.0,1.0,0.0
224ff7a07c80b280,0.0,1.0,0.0
22aa2f45a85c7659,0.0,2.0,0.0
22fc253f6b54b2c5,0.0,2.0,0.0
22fdc5b70e5bb7cb,0.0,1.0,0.0
234ebaf914220801,0.0,1.0,0.0
24cfea1f11befc28,0.0,1.0,0.0
24d75fcb822f9a5e,0.0,2.0,0.0
25252b81d8affdfa,0.0,1.0,0.0
2535154cb1b86e98,0.0,1.0,0.0
2617f916e9e60b7d,0.0,1.0,0.0
267b5346c34b5dce,0.0,1.0,0.0
267e18a3027189d0,0.0,1.0,0.0
271f09d2694c0cb6,0.0,1.0,0.0
272fac869041e756,0.0,1.0,0.0
275c57a83c644f8b,0.0,2.0,0.0
275cfa30e0d0bdb8,0.0,2.0,0.0
276d64c204faba42,0.0,4.0,0.0
279bcbdfefc07d7b,0.0,1.0,0.0
27addbd22252ca76,0.0,1.0,0.0
2805027f06c580b7,0.0,2.0,0.0
2840a3690c66dc6d,0.0,1.0,0.0
287864ceb4382981,0.0,1.0,0.0
288fd1240facf143,0.0,1.0,0.0
28c2e4f533adb2a1,0.0,2.0,0.0
290a5eefbf691b9d,0.0,1.0,0.0
292e81cb88b7ba26,0.0,3.0,0.0
293d00c94c2a7475,0.0,1.0,0.0
295a70fcf8f91766,0.0,2.0,0.0
2967d5728ee6cfbc,0.0,1.0,0.0
297f306bdcf3cded,0.0,2.0,0.0
29ad6768cfeb7422,0.0,1.0,0.0
2a4f6c2a8447aa08,0.0,1.0,0.0
2aa0b5459b911ac7,0.0,1.0,0.0
2ab79fba3253d69e,0.0,1.0,0.0
2b011ca5f9fbabad,0.0,1.0,0.0
2b5bba63949317d2,0.0,1.0,0.0
2b83ba9615403718,0.0,1.0,0.0
2b9d95697ef0f475,0.0,2.0,0.0
2baa84d6cc9944ce,0.0,1.0,0.0
2bb010bdcc0bceec,0.0,1.0,0.0
2becb850da56331c,0.0,1.0,0.0
2c346787b121bde2,0.0,1.0,0.0
2cd63322b2e96ce1,0.0,2.0,0.0
2d0a340904dc9b1a,0.0,1.0,0.0
2d0efdd9fb383de5,0.0,1.0,0.0
2d2d4fbec2f1554b,0.0,1.0,0.0
2d45dfa5546a033f,0.0,1.0,0.0
2d69c4d491a39786,0.0,1.0,0.0
2d88e61f3077bcd4,0.0,1.0,0.0
2db8d132b38ab642,0.0,1.0,0.0
2dbe4d7b73451d7b,0.0,2.0,0.0
2df9a5f5df1df063,0.0,1.0,0.0
2e420220aa5f12ac,0.0,1.0,0.0
2e75b051a9e567f2,0.0,1.0,0.0
2e85dbea8aeab9d3,0.0,1.0,0.0
2e89dbe65372638e,0.0,1.0,0.0
2f0aa14cc675b7d0,0.0,1.0,0.0
2f11fe1bc4b07a1e,0.0,1.0,0.0
2f37b08456b4d13a,0.0,1.0,0.0
2f40d7b939ca2855,0.0,2.0,0.0
2f92d0ed211df251,0.0,1.0,0.0
2f9c112b7c3e97ef,0.0,1.0,0.0
2fbbe2eea877aa49,0.0,1.0,0.0
2fc32113c7bbeced,0.0,1.0,0.0
2fef690365897b3b,0.0,2.0,0.0
3033ea8259cf83d0,0.0,1.0,0.0
30555df8382169dc,0.0,1.0,0.0
309030ea404b33ec,0.0,1.0,0.0
30e9458aae72ab38,0.0,1.0,0.0
30f671ccc30f6045,0.0,3.0,0.0
3134ab5593ec9ef9,0.0,1.0,0.0
314eb92fdcc26dc6,0.0,1.0,0.0
31a1652e7ead1350,0.0,1.0,0.0
320b1336736a933e,0.0,1.0,0.0
321b019f03f8a9da,0.0,1.0,0.0
32553f470304cb6a,0.0,1.0,0.0
3415294982e7edb9,0.0,1.0,0.0
345ce42fb2d79bce,0.0,1.0,0.0
34861086b9447704,0.0,1.0,0.0
34d37804bae1c068,0.0,1.0,0.0
34fe2a250e0b34c5,0.0,2.0,0.0
351fed4b6001856f,0.0,1.0,0.0
3528312c051e27c0,0.0,1.0,0.0
35959141df39b534,0.0,1.0,0.0
359a42f98aef7947,0.0,1.0,0.0
35f228edbba2e305,0.0,2.0,0.0
36086de40a94fd13,0.0,4.0,0.0
36165628ada4925c,0.0,1.0,0.0
36b7af1a458bbdaa,0.0,1.0,0.0
36dc185530dfa670,0.0,1.0,0.0
370fec2c33faf296,0.0,1.0,0.0
3752e0ed1750dc21,0.0,1.0,0.0
37c0c8b02f5d8e07,0.0,1.0,0.0
37d972272a659d18,0.0,1.0,0.0
38319be125e6597b,0.0,2.0,0.0
38dd847b6ffec9e8,0.0,1.0,0.0
3918e41b34d3b73e,0.0,1.0,0.0
3961fea1a7960266,0.0,1.0,0.0
39bee89a5be2ebd3,0.0,1.0,0.0
39cfb9f7b8aeea26,0.0,1.0,0.0
3a41df954e50686a,0.0,4.0,0.0
3a50744606388503,0.0,1.0,0.0
3b35e8fea487428c,0.0,1.0,0.0
3b737b31b8978961,0.0,1.0,0.0
3ba7f02e5614a79b,0.0,1.0,0.0
3bd80ed9842b7ae4,0.0,1.0,0.0
3bdffcc95a6de552,0.0,1.0,0.0
3be090e6e8f12cd6,0.0,1.0,0.0
3be9b5d9f43b68bc,0.0,2.0,0.0
3bea4402f5183276,0.0,1.0,0.0
3c10ba64b65ec5fd,0.0,1.0,0.0
3c3bc17dc9f4bb02,0.0,1.0,0.0
3c5e8edbb32b0069,0.0,1.0,0.0
3c963b06a10e8704,0.0,1.0,0.0
3cd8c3d0bac23e98,0.0,2.0,0.0
3ce04b38be64655c,0.0,1.0,0.0
3cf37a64143f5132,0.0,1.0,0.0
3d0413697f57c0fc,0.0,1.0,0.0
3d1dfa34370c4b60,0.0,2.0,0.0
3d27a9c0f289a8bc,0.0,1.0,0.0
3d6d0a05d14d94b8,0.0,1.0,0.0
3d7107cda4648526,0.0,1.0,0.0
3db5d70bd9d6b12c,0.0,1.0,0.0
3e199c96c5af3866,0.0,1.0,0.0
3e3563829c46e238,0.0,1.0,0.0
3e3665790a7504c5,0.0,1.0,0.0
3e3959093da662f5,0.0,1.0,0.0
3ec7faac411c1a9b,0.0,1.0,0.0
3eec5a38558acc9a,0.0,1.0,0.0
3f67ee3670487181,0.0,1.0,0.0
3f7c19f9d1944601,0.0,1.0,0.0
3fc004eed8d483e9,0.0,1.0,0.0
3fd87bba4a50e6f1,0.0,1.0,0.0
3fe2057bbd410e45,0.0,2.0,0.0
403225c094ed1b59,0.0,1.0,0.0
417ba4b88fc214d0,0.0,1.0,0.0
41c9a343a7adfc5b,0.0,1.0,0.0
41f70d4fc927f9c9,0.0,1.0,0.0
42488fd8eb1c7736,0.0,1.0,0.0
426868f9c07ee454,0.0,1.0,0.0
4284c5ccdcde9be3,0.0,1.0,0.0
42855cf2d966c91f,0.0,2.0,0.0
42f139742c43b7ea,0.0,1.0,0.0
436f90539bf2f735,0.0,1.0,0.0
437ecf69444e961b,0.0,1.0,0.0
441cb6f6bdf0ec78,0.0,1.0,0.0
446f0fc318bad582,0.0,1.0,0.0
4527918fe39a2957,0.0,1.0,0.0
4562ab7911cc400a,0.0,1.0,0.0
457bcd59a2c20f7e,0.0,1.0,0.0
45abaa5b7f79426f,0.0,1.0,0.0
45d4229ff3dba014,0.0,1.0,0.0
45f65329fac22c81,0.0,1.0,0.0
4601abb7b934db03,0.0,1.0,0.0
46355a3fa9afbadc,0.0,1.0,0.0
466db5e5ad366432,0.0,1.0,0.0
46835060d6ddfa43,0.0,2.0,0.0
470af981746ba842,0.0,1.0,0.0
4762a53feb288ae3,0.0,1.0,0.0
476f4ee19eec7c58,0.0,1.0,0.0
478f49e6373ee824,0.0,1.0,0.0
480aa36af37a8d09,0.0,1.0,0.0
480ccad8c25f29db,0.0,1.0,0.0
4899eec7807f3c07,0.0,1.0,0.0
48c3d5c7135129e7,0.0,1.0,0.0
48edcd92c8c43b32,0.0,1.0,0.0
496b7864452db7c7,0.0,1.0,0.0
4a0b0052ffc51937,0.0,1.0,0.0
4aa954dd16669726,0.0,1.0,0.0
4ae8c9cc55a42518,0.0,1.0,0.0
4aea80b773cec75b,0.0,1.0,0.0
4b52d96ed4c89814,0.0,1.0,0.0
4b8e4600d4b9f0b8,0.0,3.0,0.0
4c9d1ef0b396fe2a,0.0,1.0,0.0
4c9ea69fb60aeb8a,0.0,3.0,0.0
4cc282e02bd273b3,0.0,1.0,0.0
4ccc757a9fe511c6,0.0,1.0,0.0
4d0e2282ef06666e,0.0,1.0,0.0
4d66950e244d1d33,0.0,1.0,0.0
4dd2c5d89871039f,0.0,1.0,0.0
4dd38e0f7850c96f,0.0,1.0,0.0
4e2cf44732025a3f,0.0,1.0,0.0
4e8113fed584f2fc,0.0,1.0,0.0
4e9bc220c173d659,0.0,1.0,0.0
4eb248329b889b26,0.0,1.0,0.0
4ed564a6a7ac46ca,0.0,1.0,0.0
4ede4b3b910197f3,0.0,1.0,0.0
4eef8a66a6bcdc01,0.0,2.0,0.0
4f2ef1bdd0e34a46,0.0,1.0,0.0
4f88a88b26e87c7a,0.0,2.0,0.0
4fbcdc0e2a323f53,0.0,1.0,0.0
4fdac765e4d6e3f5,0.0,1.0,0.0
4fe83bcfc876ab7c,0.0,1.0,0.0
4feeb07a78af9759,0.0,1.0,0.0
4fef1d8c2b56ea82,0.0,1.0,0.0
5095ef8d7be9b1b9,0.0,4.0,0.0
50c590eaaeab49a5,0.0,1.0,0.0
515273cdb10fd898,0.0,2.0,0.0
5237ebd9ba1661a2,0.0,1.0,0.0
52af7683bbb35be9,0.0,1.0,0.0
52d3d024b14fda74,0.0,2.0,0.0
5325a9db2f777940,0.0,1.0,0.0
533f8fd65462b270,0.0,1.0,0.0
5354b4fc0b8bc6ff,0.0,1.0,0.0
536453a2048f775c,0.0,2.0,0.0
536896d978d79a62,0.0,1.0,0.0
53c1070b14560817,0.0,1.0,0.0
540d5ecd4135d8fb,0.0,1.0,0.0
541f19ff0bc0bd00,0.0,2.0,0.0
5465d898bf37c17e,0.0,1.0,0.0
54702b9e8014a10c,0.0,2.0,0.0
54c9f2c1781ff3b9,0.0,1.0,0.0
54dbb0a29ff7c492,0.0,3.0,0.0
54f509e4c08e958e,0.0,1.0,0.0
55089fac52d9f58f,0.0,1.0,0.0
55308ad68999d485,0.0,1.0,0.0
55d61afebda6b2dd,0.0,1.0,0.0
55fadb08ac1d68e3,0.0,1.0,0.0
561a0c86c766e5a6,0.0,2.0,0.0
5680eda02f9fbdab,0.0,1.0,0.0
56c88e7bd9c21c9c,0.0,1.0,0.0
57adb6ca2213c24b,0.0,1.0,0.0
57f04310b9273981,0.0,1.0,0.0
583b86d2bc716d75,0.0,1.0,0.0
588534e19b12a1d6,0.0,2.0,0.0
5885dab26230967a,0.0,1.0,0.0
58efe9d9a11a97d3,0.0,1.0,0.0
58f7c75a25dd02e6,0.0,1.0,0.0
58fa56a931b71057,0.0,1.0,0.0
5929c8e720c4ee97,0.0,1.0,0.0
59e04b7f86abb39d,0.0,1.0,0.0
5a2e87112ce6fca0,0.0,1.0,0.0
5a75acad5b45f62f,0.0,2.0,0.0
5abe447d3343b321,0.0,1.0,0.0
5ad11eaa488a4792,0.0,2.0,0.0
5adbabca1ea30f09,0.0,1.0,0.0
5ae888cdbdf410a8,0.0,2.0,0.0
5b39b5a77abb34ae,0.0,1.0,0.0
5b622469bd0a2644,0.0,1.0,0.0
5b75e2bd984de9c7,0.0,2.0,0.0
5b7b7a727013b7c2,0.0,1.0,0.0
5bf4db1d1ced039c,0.0,1.0,0.0
5c4d12cdf9bf82b7,0.0,1.0,0.0
5c7eca2946c3448f,0.0,2.0,0.0
5c8e6e79f135f998,0.0,1.0,0.0
5cd857cd16455c46,0.0,1.0,0.0
5cecca74467e6b54,0.0,1.0,0.0
5d1877e69a1e97bb,0.0,3.0,0.0
5d6ab1ce424886b1,0.0,1.0,0.0
5d7863ac34d73fcb,0.0,1.0,0.0
5da07d4b8867a606,0.0,1.0,0.0
5db34f0fa907c8d4,0.0,1.0,0.0
5dedd1f2f11ed1b2,0.0,1.0,0.0
5e211d73c436a98c,0.0,1.0,0.0
5e4771e8a0fcb5bf,0.0,2.0,0.0
5e91c83c4a9a1cb9,0.0,1.0,0.0
5eacf3feb5b449f4,0.0,1.0,0.0
5eadeba3cdea45c4,0.0,1.0,0.0
5f26089ebcc613e8,0.0,1.0,0.0
5f26ff3ab0222655,0.0,2.0,0.0
5f75f9dfb198aa60,0.0,1.0,0.0
5fe224e971846e5f,0.0,1.0,0.0
5ff9aa0338746d96,0.0,1.0,0.0
6006565a5ead9438,0.0,1.0,0.0
6015bee4ac6603b7,0.0,3.0,0.0
6049ff18eb4769c8,0.0,4.0,0.0
60587746799fb652,0.0,1.0,0.0
6078ee2e851f20ff,0.0,1.0,0.0
60a7bf47cc7e08a4,0.0,1.0,0.0
60be7e44269555e9,0.0,1.0,0.0
6124b4dd963d7663,0.0,1.0,0.0
61b22a0dce8528d7,0.0,1.0,0.0
61e938e10a513586,0.0,1.0,0.0
620b9734b4826a03,0.0,1.0,0.0
622b21e7fb29b798,0.0,1.0,0.0
622ee26e0a0d2beb,0.0,1.0,0.0
625ed48d054605ad,0.0,1.0,0.0
62f04e1c0db9f1c4,0.0,1.0,0.0
6334e97fab04f8c7,0.0,2.0,0.0
6338ac882729928a,0.0,3.0,0.0
6355c551c8f80068,0.0,1.0,0.0
639924a8363dfd64,0.0,1.0,0.0
63cde52b04dc5afb,0.0,1.0,0.0
63da50bd787ed1b7,0.0,1.0,0.0
63e76af4b263ce0d,0.0,1.0,0.0
63f12123c359bbab,0.0,3.0,0.0
63f63f911307f612,0.0,1.0,0.0
63fd695895e903fe,0.0,1.0,0.0
64169924737972d8,0.0,2.0,0.0
6416a3370350074a,0.0,1.0,0.0
64299c4c23800a28,0.0,2.0,0.0
642becdae41533bc,0.0,1.0,0.0
64558c06bf9d2379,0.0,2.0,0.0
6460ced914a23537,0.0,1.0,0.0
6481d246466f87b6,0.0,1.0,0.0
64d1abc23944ffd6,0.0,1.0,0.0
6520736c406b5d6b,0.0,1.0,0.0
6521d8246d2ecba7,0.0,1.0,0.0
652a512725fe42b0,0.0,1.0,0.0
658d16047fdae55f,0.0,1.0,0.0
65c2bf5d195bf4d2,0.0,2.0,0.0
66178176d22e86a1,0.0,1.0,0.0
6684e9c493e571ec,0.0,2.0,0.0
66d421346c5feb37,0.0,2.0,0.0
670499e344b2b344,0.0,1.0,0.0
67ea860bb1e75d16,0.0,1.0,0.0
67ef799685bccec1,0.0,1.0,0.0
67fea96c407d8b58,0.0,4.0,0.0
683407dbf69d1235,0.0,1.0,0.0
687792040233f344,0.0,3.0,0.0
68f18007a2c894e9,0.0,1.0,0.0
691982aa27bf77ac,0.0,1.0,0.0
696854f65fb62269,0.0,1.0,0.0
696c8eb8f62486b6,0.0,1.0,0.0
698792f50a1c859a,0.0,1.0,0.0
69cf79f29df17f8c,0.0,1.0,0.0
6a13066c57999bc5,0.0,1.0,0.0
6a445b62c0e58ae4,0.0,1.0,0.0
6a79ef4c59dbc4a9,0.0,1.0,0.0
6a7c61baa0af4917,0.0,1.0,0.0
6a7d588dce45850f,0.0,2.0,0.0
6ad312ccb17d2bc1,0.0,1.0,0.0
6ad3b01f6724987f,0.0,2.0,0.0
6b9855d1de55dbef,0.0,2.0,0.0
6bc4a802d24500c7,0.0,1.0,0.0
6c0b2815d4f9651b,0.0,1.0,0.0
6c512486f1f68840,0.0,1.0,0.0
6c86dd710bcb921b,0.0,2.0,0.0
6cb4bd053431c256,0.0,1.0,0.0
6d659c0ea8d1131d,0.0,1.0,0.0
6d84f2b60db6433d,0.0,3.0,0.0
6d91cd236ece9bc1,0.0,1.0,0.0
6da55db4024507f8,0.0,1.0,0.0
6e03314d7c007e9d,0.0,3.0,0.0
6e1d02bf59d32505,0.0,3.0,0.0
6e267fe0fc9040a1,0.0,1.0,0.0
6e4d97e8bd67ca4e,0.0,3.0,0.0
6e72d77032d8e803,0.0,1.0,0.0
6e9e305029ab5090,0.0,1.0,0.0
6ec3438a329acf53,0.0,1.0,0.0
6ed42b400881b1b6,0.0,1.0,0.0
6f02976834dda276,0.0,1.0,0.0
6f21eb4cf07e4979,0.0,1.0,0.0
6f45e1d0a2127098,0.0,1.0,0.0
6f4f97b90113b685,0.0,1.0,0.0
6f7867910b28beef,0.0,1.0,0.0
6f86c4872b2c3844,0.0,1.0,0.0
6fccb851e14a2d30,0.0,1.0,0.0
6fcedd4eee0e4d83,0.0,1.0,0.0
6fd4e06c8d363b3f,0.0,2.0,0.0
7029465074163da1,0.0,1.0,0.0
704b96799f338518,0.0,1.0,0.0
705fa6fdd83c6108,0.0,1.0,0.0
71095da0a5b1f747,0.0,1.0,0.0
71467404808e438d,0.0,1.0,0.0
716c3668cf078096,0.0,1.0,0.0
71b82c806b7b2ec0,0.0,2.0,0.0
722863a3b74bdbc7,0.0,1.0,0.0
7237705411916e9c,0.0,1.0,0.0
723d85e04cd34521,0.0,2.0,0.0
72768a1dab48e722,0.0,2.0,0.0
731ab779c631b725,0.0,1.0,0.0
7320715b3fb30294,0.0,1.0,0.0
7356464fe35f390a,0.0,1.0,0.0
739106ed3f5d3b9d,0.0,1.0,0.0
73a25a7c119b1579,0.0,1.0,0.0
73f5489730315b51,0.0,1.0,0.0
7436bccef8048c84,0.0,1.0,0.0
745829b1ddac448f,0.0,1.0,0.0
745a5cb4f5ba29d8,0.0,1.0,0.0
749e2212840291aa,0.0,1.0,0.0
74f6d59f186bbe36,0.0,1.0,0.0
75583ea37d9cf807,0.0,1.0,0.0
7558b3a6a3e89ece,0.0,1.0,0.0
7559f868c29bc350,0.0,2.0,0.0
758fb89402729481,0.0,1.0,0.0
75f0f4941162a6ac,0.0,1.0,0.0
768fa6fc4e027f00,0.0,1.0,0.0
76962a2615d09527,0.0,1.0,0.0
769c799364d075f1,0.0,1.0,0.0
76cd29d1fd558b82,0.0,1.0,0.0
770e94a7207b11c8,0.0,2.0,0.0
77cf1572be518f09,0.0,1.0,0.0
780fa1d1d2d13f67,0.0,1.0,0.0
78525659e14d2cf7,0.0,1.0,0.0
789925c7785defb0,0.0,1.0,0.0
78d815ac839a0cf4,0.0,1.0,0.0
78e3f5e9e69191f5,0.0,1.0,0.0
78ff55d5d291d600,0.0,1.0,0.0
7906d8d72c1c5af0,0.0,2.0,0.0
7985a88d8b648388,0.0,1.0,0.0
798fea96909ac07c,0.0,1.0,0.0
79911fbdf75f0072,0.0,1.0,0.0
79f5b8e204fe2afa,0.0,1.0,0.0
7a3dbd40eefb3306,0.0,1.0,0.0
7a5b53515844e2a6,0.0,1.0,0.0
7a6acf8dd0358b70,0.0,1.0,0.0
7ac5a59ca1013564,0.0,1.0,0.0
7aeef42e7ffb05df,0.0,1.0,0.0
7af23583e264f49d,0.0,3.0,0.0
7b0a83b2988d80b2,0.0,2.0,0.0
7b32752d5a8a4270,0.0,1.0,0.0
7b3faa14da13060c,0.0,2.0,0.0
7b878e812f55350a,0.0,1.0,0.0
7b8bc7fa2f6d1c02,0.0,1.0,0.0
7ba1b0bd40cf0ce9,0.0,1.0,0.0
7bbc83808012e76d,0.0,2.0,0.0
7bd329991f37e9c0,0.0,1.0,0.0
7c0a067417c6b128,0.0,1.0,0.0
7c3e64ab80254712,0.0,1.0,0.0
7c4f44f202e18605,0.0,2.0,0.0
7cbfe5b6fd3b7f3f,0.0,2.0,0.0
7d01c130acbf21ce,0.0,1.0,0.0
7d5c50c1dbb4d9e0,0.0,3.0,0.0
7d66d0514cd2d86a,0.0,1.0,0.0
7dc6b6118b10bd18,0.0,2.0,0.0
7e2f82a056ce8764,0.0,2.0,0.0
7e6b3e2dfc3b2010,0.0,2.0,0.0
7e9e30ab57b69785,0.0,1.0,0.0
7ea2419d3ae601d6,0.0,3.0,0.0
7ec0800c125ac8f4,0.0,2.0,0.0
7ed1710a2d68ae3a,0.0,1.0,0.0
7edc28bc48f46279,0.0,1.0,0.0
7ee8e839b3c0b29d,0.0,1.0,0.0
7f5f689fbace0ff3,0.0,2.0,0.0
7fea27b3b0cae546,0.0,1.0,0.0
801a9a8823e00d27,0.0,1.0,0.0
80705af6b71cb122,0.0,1.0,0.0
80801d210dbecebb,0.0,1.0,0.0
8097416338ee9133,0.0,1.0,0.0
80a88b7ad7803e80,0.0,1.0,0.0
80f003e00c092b62,0.0,1.0,0.0
810c469220bcf5c6,0.0,1.0,0.0
8117e9a1fc500507,0.0,1.0,0.0
81250b344e7db224,0.0,1.0,0.0
813803b327cae1f1,0.0,2.0,0.0
818967e2a0a9beb9,0.0,1.0,0.0
81c4559223e2d33d,0.0,1.0,0.0
81d07a80222e2707,0.0,1.0,0.0
81e8761686d63e4b,0.0,1.0,0.0
8251510f267080e1,0.0,3.0,0.0
826357bce89ce5c2,0.0,3.0,0.0
82f7866cd2f31217,0.0,2.0,0.0
82f7dd4d08a89b05,0.0,1.0,0.0
8313568b72fdd618,0.0,1.0,0.0
833aee92ff2f3a3c,0.0,2.0,0.0
8555776484f0da79,0.0,2.0,0.0
85d566545564c3ba,0.0,1.0,0.0
85f5a32255c57dcb,0.0,2.0,0.0
85fa4c784b3e4c24,0.0,1.0,0.0
860624120f4e4ba6,0.0,1.0,0.0
865cc8282c31cbe5,0.0,1.0,0.0
8679db9cba25f90d,0.0,1.0,0.0
86b9be9948c76104,0.0,1.0,0.0
86e7e54f8a923d09,0.0,1.0,0.0
8808215e3fb3da75,0.0,1.0,0.0
881246122e76854e,0.0,1.0,0.0
887ce81479422546,0.0,2.0,0.0
88a19b5c6657b7a9,0.0,1.0,0.0
88cfe44566a85f52,0.0,1.0,0.0
892fc2302ed00898,0.0,2.0,0.0
895863846ceef33c,0.0,1.0,0.0
89ab6cafb23f28da,0.0,3.0,0.0
89ea3768caa9d4bc,0.0,1.0,0.0
89f71c54bbef279a,0.0,1.0,0.0
8a63b2e5a979f0e3,0.0,1.0,0.0
8a660faea14bd37f,0.0,1.0,0.0
8aecf0b7bc55a096,0.0,1.0,0.0
8afd08bf1c09deb4,0.0,1.0,0.0
8b95ab66c7d4dd70,0.0,1.0,0.0
8b96c00e6f819f4c,0.0,2.0,0.0
8b96fadb4da4617c,0.0,1.0,0.0
8bc2dfd3e084b182,0.0,1.0,0.0
8bdb6aaa4c59452d,0.0,1.0,0.0
8c4eb54ed27b8a16,0.0,1.0,0.0
8cc0f77e140cf02c,0.0,1.0,0.0
8cc29486a40a3ecc,0.0,2.0,0.0
8ccf20421435e827,0.0,1.0,0.0
8d18d1d9cfe69c72,0.0,1.0,0.0
8d7c153e0a0bf8de,0.0,2.0,0.0
8d95c3548ddf3a80,0.0,1.0,0.0
8da548ecfb5fb04b,0.0,1.0,0.0
8daa461581ec2e91,0.0,1.0,0.0
8e05716c56a1d089,0.0,2.0,0.0
8e0767f76be4a6b0,0.0,1.0,0.0
8e50ff12596bcfe6,0.0,1.0,0.0
8e68f6da94b4aae8,0.0,3.0,0.0
8e8ab89c565994f3,0.0,2.0,0.0
8e962106f02abf2c,0.0,1.0,0.0
8ea037ce681b4821,0.0,2.0,0.0
8eaf3ae7b76364bb,0.0,1.0,0.0
8ee2e3d539ab2c89,0.0,1.0,0.0
8f0f2288c6fd0c1b,0.0,1.0,0.0
8f7c2eab8ee7a0a6,0.0,1.0,0.0
8fd212c67514367a,0.0,1.0,0.0
90a0d06fc271ffeb,0.0,1.0,0.0
91043dc09105f4d8,0.0,2.0,0.0
910a68e616327514,0.0,1.0,0.0
912e4ded65aff597,0.0,1.0,0.0
91354a02f6da97a6,0.0,1.0,0.0
91930b28d5bee57f,0.0,1.0,0.0
91b522b0b147af05,0.0,1.0,0.0
91b6b4b17a046b5a,0.0,1.0,0.0
91dcbf1f09e1f8ce,0.0,1.0,0.0
91e3b6c6d1f875df,0.0,1.0,0.0
9276c82b5ae1b278,0.0,1.0,0.0
9292354d4add3a1f,0.0,2.0,0.0
92b64508b68befd8,0.0,1.0,0.0
92d3ee41badca0ca,0.0,1.0,0.0
92e043cc4fdf6a9b,0.0,2.0,0.0
9302c6e8bf4ec9d1,0.0,1.0,0.0
931952654c26d156,0.0,2.0,0.0
935566f63d746493,0.0,1.0,0.0
935a9615a0c9d6e6,0.0,1.0,0.0
937ee87ce8d6f251,0.0,1.0,0.0
93ad37bca294da89,0.0,1.0,0.0
93dc0bba859356ca,0.0,2.0,0.0
94724b922b91c4cd,0.0,1.0,0.0
9477dc46fd78a2bf,0.0,1.0,0.0
94c309096be2cd03,0.0,1.0,0.0
94d94735c61df3c7,0.0,1.0,0.0
959dcdaef6be36d6,0.0,1.0,0.0
964b724432d96e3b,0.0,1.0,0.0
966af90272c331ac,0.0,3.0,0.0
96e4c7cac8b8092e,0.0,1.0,0.0
970f3aadcb858fc2,0.0,3.0,0.0
9738687615bf11e7,0.0,2.0,0.0
9748f857ee8b9ecc,0.0,1.0,0.0
975e25d5a5d66b73,0.0,1.0,0.0
977dab57c9770804,0.0,1.0,0.0
978296c495a784e4,0.0,1.0,0.0
97b36c9154e5c1c7,0.0,4.0,0.0
97b7f07cdedb9f44,0.0,1.0,0.0
9827f59aa95e688b,0.0,1.0,0.0
9842b4e50468bade,0.0,1.0,0.0
984710fcf1d4428e,0.0,1.0,0.0
9862455fd17ff731,0.0,1.0,0.0
9866a11b1e14fb78,0.0,1.0,0.0
98a02d042d78ef89,0.0,2.0,0.0
98a4bf1bebe81ab5,0.0,1.0,0.0
98c05c117a58f311,0.0,1.0,0.0
98fbefe32fc95b68,0.0,1.0,0.0
99ea15423e3175ca,0.0,1.0,0.0
99fb18df82b6eadc,0.0,3.0,0.0
9a70586ef0a5bd08,0.0,1.0,0.0
9a852a01f9269e70,0.0,1.0,0.0
9aa6f6885dc2044f,0.0,1.0,0.0
9ad2473d8a60aa38,0.0,1.0,0.0
9b0c4b8a5c0593a6,0.0,2.0,0.0
9b26449e956f3223,0.0,1.0,0.0
9b751930f8d88779,0.0,1.0,0.0
9c04a7cf31f91237,0.0,1.0,0.0
9c544815bb6875e3,0.0,1.0,0.0
9c64ade39dbaa917,0.0,1.0,0.0
9cad4b47009adcc6,0.0,1.0,0.0
9cfd1d9b9c52b89b,0.0,1.0,0.0
9cff6bf435e2138b,0.0,2.0,0.0
9d7e8e03a21d264c,0.0,1.0,0.0
9e00743116ff34f3,0.0,2.0,0.0
9e240e392ce136ba,0.0,1.0,0.0
9e3989cda60e5ee9,0.0,2.0,0.0
9e41569026c91817,0.0,1.0,0.0
9e6de98ad39763a8,0.0,1.0,0.0
9e80572efd7d2c7e,0.0,1.0,0.0
9ea3bb639ce843f6,0.0,1.0,0.0
9ea3fc973357694b,0.0,1.0,0.0
9ebe8ee4c264ea40,0.0,1.0,0.0
9ee51e1bef8f1989,0.0,2.0,0.0
9eeb3939fa12fae0,0.0,1.0,0.0
9f67499361213008,0.0,1.0,0.0
9f7e39293e10dad0,0.0,1.0,0.0
9fab06e486a35b0d,0.0,1.0,0.0
9fb567cdec29bd10,0.0,1.0,0.0
9fceb2b42c249b4e,0.0,1.0,0.0
a00c0cd69f3fdc20,0.0,1.0,0.0
a086993cc4545152,0.0,1.0,0.0
a0909ade7ca1d033,0.0,2.0,0.0
a0b27842e13ee475,0.0,2.0,0.0
a0e10babf3dba2d6,0.0,1.0,0.0
a11e79c3adadb35a,0.0,2.0,0.0
a1228150499675cb,0.0,1.0,0.0
a1f63c702b9cbacc,0.0,1.0,0.0
a2089336740b7b0f,0.0,1.0,0.0
a2fd15997327a1f7,0.0,1.0,0.0
a3371557ff2924f0,0.0,1.0,0.0
a342337cf550a6c0,0.0,2.0,0.0
a3767ced5a5a0cb7,0.0,1.0,0.0
a3e38112913f0870,0.0,1.0,0.0
a3e9aad3d130f80e,0.0,1.0,0.0
a3eadd95038bdde4,0.0,1.0,0.0
a3ffd9532e287940,0.0,1.0,0.0
a41f831bd7ffcdf3,0.0,1.0,0.0
a421a724f7f64211,0.0,1.0,0.0
a458735c106241f4,0.0,1.0,0.0
a47b9340a5ac951f,0.0,1.0,0.0
a4df0b1018af3a19,0.0,1.0,0.0
a4ee8f1315ce846c,0.0,2.0,0.0
a53c80a124e4f439,0.0,1.0,0.0
a5bf76ffcdaa0197,0.0,1.0,0.0
a5c0a48e2255d100,0.0,1.0,0.0
a5e62a9c9ffdc608,0.0,2.0,0.0
a601173f09f0b54f,0.0,1.0,0.0
a64d575c9b89a4fb,0.0,1.0,0.0
a68d1e4d29dc176f,0.0,1.0,0.0
a6912e29d931cd51,0.0,1.0,0.0
a6a08d76b9f93397,0.0,1.0,0.0
a6a4e7a87bfb9fb3,0.0,1.0,0.0
a6c74eea35004be1,0.0,1.0,0.0
a6ffff70f38c88a2,0.0,3.0,0.0
a73d9c7be45996f8,0.0,2.0,0.0
a77aa4310c83a923,0.0,1.0,0.0
a77d647780f8d8ae,0.0,2.0,0.0
a7963acbdda63b99,0.0,1.0,0.0
a7a819d541fb339f,0.0,1.0,0.0
a7c03997c8510235,0.0,1.0,0.0
a7d4f3de6e4d0632,0.0,1.0,0.0
a844bbed30d0871d,0.0,1.0,0.0
a85857e7cd903662,0.0,1.0,0.0
a8636cdbc136d573,0.0,1.0,0.0
a867702fb36b50ea,0.0,1.0,0.0
a8a549294a9e4ff2,0.0,1.0,0.0
a8b4bb495a6d94e7,0.0,1.0,0.0
a90225624bd9e569,0.0,1.0,0.0
a990871175955ade,0.0,1.0,0.0
a99ca9dcd307690d,0.0,1.0,0.0
a9e2eb94c87f2a76,0.0,1.0,0.0
aab59317f0adbebb,0.0,1.0,0.0
aad240c99f32a235,0.0,1.0,0.0
ab1e6866c58cf0c6,0.0,1.0,0.0
ab20db541e4e599e,0.0,2.0,0.0
ab4d295b798878ec,0.0,1.0,0.0
ab7f9b2e21250809,0.0,1.0,0.0
abc11b6c2234a745,0.0,1.0,0.0
abe5f26fbf5685a8,0.0,1.0,0.0
ac1b412c7f644b3f,0.0,1.0,0.0
ac2e9143033551b9,0.0,2.0,0.0
ace5d2d36a639f3b,0.0,1.0,0.0
ad329ef1a07d49c1,0.0,1.0,0.0
ad99f4038cc43673,0.0,1.0,0.0
adb33a619216c1f1,0.0,1.0,0.0
ae161d7256f510d7,0.0,1.0,0.0
ae4317fddee9ae08,0.0,2.0,0.0
ae8f41e1dc6995b2,0.0,3.0,0.0
aeb7f3f22fbae149,0.0,1.0,0.0
aec53933e5a88313,0.0,1.0,0.0
af0b5786e2d59fcb,0.0,1.0,0.0
af15a3a15c301e04,0.0,1.0,0.0
af17521381861bab,0.0,1.0,0.0
af2932950449a4be,0.0,1.0,0.0
af3197e3b3a2c908,0.0,1.0,0.0
af3e1557ba956adf,0.0,1.0,0.0
af4374a0836909aa,0.0,1.0,0.0
af4e8b767c49653c,0.0,2.0,0.0
af85667a20e8e2c0,0.0,1.0,0.0
af9a77d7fc1ac8ba,0.0,1.0,0.0
b0acc20e7b0cdbd4,0.0,1.0,0.0
b0c7706ce5e6e140,0.0,1.0,0.0
b0cdd8c3baafa9c1,0.0,1.0,0.0
b0cf97c1c2fd8c36,0.0,1.0,0.0
b0f9ff210670eb0e,0.0,1.0,0.0
b0fa9ee842e2331c,0.0,3.0,0.0
b10ced4ba4b6d2f7,0.0,1.0,0.0
b161ec5a0c06a250,0.0,1.0,0.0
b1b45bd5867afdfb,0.0,3.0,0.0
b2408eadd279e68c,0.0,1.0,0.0
b25b176dc7f2c313,0.0,1.0,0.0
b26ad6f026061a7f,0.0,1.0,0.0
b2e474b53c4747d5,0.0,1.0,0.0
b2f247bb5b502e2e,0.0,2.0,0.0
b32bfbc020991ead,0.0,1.0,0.0
b391797b76c0e915,0.0,1.0,0.0
b3ac468a6f8a1fc7,0.0,1.0,0.0
b3c66e136c715d66,0.0,1.0,0.0
b3da005f41524eb3,0.0,1.0,0.0
b3f7cce059ed9e1e,0.0,2.0,0.0
b4b7db173df221cc,0.0,1.0,0.0
b575dd23d232d01c,0.0,1.0,0.0
b5ba63fc14d4525c,0.0,1.0,0.0
b5d20bf47241ce5b,0.0,1.0,0.0
b61100c74b947d78,0.0,2.0,0.0
b63fe8c0c8b5006e,0.0,1.0,0.0
b680796bfdd781d7,0.0,1.0,0.0
b69f1f5c5c559536,0.0,2.0,0.0
b6afbecf97df96c9,0.0,1.0,0.0
b70a160e5ab18717,0.0,2.0,0.0
b7b780f7249d9602,0.0,2.0,0.0
b7dcdb9996f54891,0.0,2.0,0.0
b7e564e1906ab75c,0.0,1.0,0.0
b7f77e7374011761,0.0,2.0,0.0
b804a0f73767a53c,0.0,1.0,0.0
b81d4a6ccc8fe10f,0.0,1.0,0.0
b81fe65c54ddb6e5,0.0,1.0,0.0
b8264ae9d2039aca,0.0,1.0,0.0
b83db0bdb5d50254,0.0,3.0,0.0
b8bc10bb2c92a07e,0.0,1.0,0.0
b9183b1dfbe316e7,0.0,1.0,0.0
b9a1e10c06d7429e,0.0,1.0,0.0
b9a2fae0ebbeb32a,0.0,1.0,0.0
b9e75c77ca6c4668,0.0,1.0,0.0
ba02363855dbe223,0.0,1.0,0.0
ba1525d2a4a9234d,0.0,1.0,0.0
ba3ce9c4f2f6a503,0.0,1.0,0.0
ba741a65f755de55,0.0,1.0,0.0
ba862de298e271f2,0.0,1.0,0.0
ba874867d3674868,0.0,1.0,0.0
ba8bb3d327c5e756,0.0,1.0,0.0
bac11090745c5f98,0.0,1.0,0.0
bb389b6c342bd230,0.0,1.0,0.0
bb8fbfdce16ef03a,0.0,1.0,0.0
bc6b6bf57db7deba,0.0,1.0,0.0
bc770d72628b03b1,0.0,1.0,0.0
bc89337cdcf1a495,0.0,1.0,0.0
bc8a3ae75b9514a5,0.0,2.0,0.0
bcc37b10832eff2e,0.0,1.0,0.0
bd9bbc4974d56419,0.0,1.0,0.0
bda51236b5ba875d,0.0,1.0,0.0
bdda8b62e35b85d4,0.0,2.0,0.0
be473c1f585d303b,0.0,1.0,0.0
be5c83ffaaaa10ec,0.0,1.0,0.0
bf63e5ae74bef148,0.0,1.0,0.0
bf72b9c8d272b19b,0.0,1.0,0.0
c030603187eb7e1a,0.0,1.0,0.0
c0391b931e098357,0.0,1.0,0.0
c03efe71cd76f924,0.0,1.0,0.0
c054cc28a99f40ff,0.0,1.0,0.0
c070ece121fcca84,0.0,1.0,0.0
c0919f5d47b02a43,0.0,1.0,0.0
c0d461a40c0b16d6,0.0,1.0,0.0
c0d7e4f76860e8e0,0.0,1.0,0.0
c0dd39ad37291e15,0.0,1.0,0.0
c0fff094af56ae51,0.0,1.0,0.0
c109271ea98b8b41,0.0,1.0,0.0
c1130f2bb19167f6,0.0,1.0,0.0
c17f3faa5912fb56,0.0,1.0,0.0
c1a01c717e47dabc,0.0,1.0,0.0
c1afe4bdcd2b4066,0.0,1.0,0.0
c1eda99961461ef2,0.0,1.0,0.0
c205fbca7237967b,0.0,1.0,0.0
c214225c71f447e1,0.0,2.0,0.0
c243bd7e8859ac9a,0.0,1.0,0.0
c25e2e3b1a86b85f,0.0,1.0,0.0
c2bda892b2083e1a,0.0,1.0,0.0
c2cd1f32d2232117,0.0,1.0,0.0
c31ce4d4375ca6c3,0.0,1.0,0.0
c34e367c6886dbe5,0.0,1.0,0.0
c37105ad3da01608,0.0,1.0,0.0
c38d851547d4551d,0.0,1.0,0.0
c398cbc802d74860,0.0,2.0,0.0
c3a1fa9c9d0630e9,0.0,1.0,0.0
c3f7a942eee81e90,0.0,1.0,0.0
c441f81e685d9a70,0.0,1.0,0.0
c4437b94abbbb3a6,0.0,1.0,0.0
c50871af86e324a5,0.0,1.0,0.0
c534530cb51d2edb,0.0,1.0,0.0
c564ced89127d8eb,0.0,2.0,0.0
c57b0356e7a12d8f,0.0,1.0,0.0
c5bfe96b8e5ffa7c,0.0,1.0,0.0
c5d43221f46b7edb,0.0,1.0,0.0
c6074ecb15fddc1a,0.0,1.0,0.0
c64e699f6527522e,0.0,3.0,0.0
c65ce7619ccb03d2,0.0,2.0,0.0
c66d152900ca573f,0.0,1.0,0.0
c692c25293b76ae8,0.0,1.0,0.0
c6ff183fbc189783,0.0,1.0,0.0
c73c0ef674c0ae17,0.0,1.0,0.0
c79487324f348c4e,0.0,1.0,0.0
c81ab5b68adb9f72,0.0,2.0,0.0
c829a85cf28e8f6a,0.0,1.0,0.0
c847f74c8fe21012,0.0,1.0,0.0
c8714e9886f263fc,0.0,1.0,0.0
c89b61c9a515cf22,0.0,1.0,0.0
c8c5bf9b2514067f,0.0,1.0,0.0
c90520dd3898d2a3,0.0,1.0,0.0
c94594e29b4e3256,0.0,1.0,0.0
c9da7aaaf0601088,0.0,1.0,0.0
c9e19536592a0199,0.0,1.0,0.0
c9e4c2cd3a606f7e,0.0,1.0,0.0
ca1669ab38b011f9,0.0,1.0,0.0
ca679afad72b9392,0.0,1.0,0.0
ca8a7d204722f059,0.0,3.0,0.0
caa670fdf0b4db60,0.0,1.0,0.0
cab712c6279acf44,0.0,1.0,0.0
cb1848de9b6f4cb4,0.0,1.0,0.0
cb536441a1b0478b,0.0,2.0,0.0
cb7b9ebe2d5532cb,0.0,1.0,0.0
cbe4bea465116019,0.0,1.0,0.0
cbf14e2067c2c85f,0.0,1.0,0.0
cc48e081a2713ab4,0.0,1.0,0.0
cc49ee0c8cc503b3,0.0,1.0,0.0
cc5f280f76877d92,0.0,1.0,0.0
ccf6dfd9f3b19dba,0.0,1.0,0.0
cd3e76df7fe89b9f,0.0,1.0,0.0
cd578824496aebce,0.0,1.0,0.0
cd5f76d830ac9224,0.0,2.0,0.0
cda365fa134757a8,0.0,1.0,0.0
cdbe17be2ed3c5f8,0.0,1.0,0.0
ce0690ad575b1ffd,0.0,1.0,0.0
ce3777e90c80c23d,0.0,1.0,0.0
ce45fcd55b75e59f,0.0,3.0,0.0
ce58d7c3b01ba4da,0.0,3.0,0.0
ce6f6566ed5fa6d3,0.0,1.0,0.0
ce8147be6077db53,0.0,1.0,0.0
cea821b35d7404ad,0.0,1.0,0.0
cec45e6a23f64946,0.0,1.0,0.0
cecc3720a5c12114,0.0,1.0,0.0
ced6df0382808d0a,0.0,1.0,0.0
cee4b9ec30cea1f1,0.0,1.0,0.0
cf02c69c93d38183,0.0,1.0,0.0
cf7b519f9d7bdf27,0.0,1.0,0.0
cf860898213bf432,0.0,1.0,0.0
cf903bc32fa7d5e0,0.0,1.0,0.0
cfed607dda6bbbe6,0.0,1.0,0.0
d07cd4b6c2b610bb,0.0,1.0,0.0
d087a4838c866525,0.0,1.0,0.0
d0c64f4ebf31a376,0.0,1.0,0.0
d0d0ffd5027faf1a,0.0,1.0,0.0
d12c4d1dba9d39eb,0.0,1.0,0.0
d1b6f81053ff434b,0.0,2.0,0.0
d1fe8d92506aafe8,0.0,1.0,0.0
d201c7e50d5ec74b,0.0,1.0,0.0
d24c6c62cb03c9f8,0.0,1.0,0.0
d305d59637972fbf,0.0,1.0,0.0
d31bb9dd7857210d,0.0,1.0,0.0
d355450f770c5c0e,0.0,1.0,0.0
d359ff0de80c7fbf,0.0,2.0,0.0
d37a833b64211332,0.0,2.0,0.0
d3aaa4d1a0b82732,0.0,2.0,0.0
d3be511666350c7e,0.0,1.0,0.0
d404a8eec635f7bc,0.0,1.0,0.0
d4283ba813b44f5e,0.0,2.0,0.0
d42df07d2f5a18ab,0.0,1.0,0.0
d4709cfc42a7f2da,0.0,1.0,0.0
d47702371b48936e,0.0,1.0,0.0
d4a1005abdcacaad,0.0,1.0,0.0
d528e40fd3f3af8e,0.0,1.0,0.0
d536678c74ecb66a,0.0,2.0,0.0
d57a6f65ef7952fd,0.0,1.0,0.0
d59c2530dee5b9c9,0.0,1.0,0.0
d5a9d62f953c2463,0.0,1.0,0.0
d6c77d78c375ea6b,0.0,1.0,0.0
d72dc8291dec19e1,0.0,1.0,0.0
d7347d97619a9982,0.0,1.0,0.0
d794a957330fd77d,0.0,1.0,0.0
d84c3cc23aada9df,0.0,1.0,0.0
d85801823d1e057f,0.0,2.0,0.0
d8cdd55bbbaa997a,0.0,1.0,0.0
d8debea8d40021dd,0.0,1.0,0.0
d934f4d774f8668d,0.0,1.0,0.0
d970a71fe83d27ec,0.0,1.0,0.0
d97bfc17cb5ea5b5,0.0,1.0,0.0
d99634252fef99db,0.0,3.0,0.0
d9ac5b0914925b37,0.0,1.0,0.0
da0e4abcffaa517b,0.0,1.0,0.0
da39b2c9a13ddc8f,0.0,1.0,0.0
da67cfc2ba2faa3f,0.0,1.0,0.0
da6903600a1b459e,0.0,2.0,0.0
da6cbfe11264d244,0.0,1.0,0.0
da942da2d7dc8c48,0.0,1.0,0.0
daaa8f30e1acbe67,0.0,1.0,0.0
db03668f399a6d16,0.0,1.0,0.0
db0de1d40cc00569,0.0,1.0,0.0
db18c5bba4d0722e,0.0,2.0,0.0
db44c2ace97ccd70,0.0,2.0,0.0
db577888ca953b0f,0.0,2.0,0.0
dbd9c00556e26810,0.0,1.0,0.0
dbdb86f6da786ece,0.0,1.0,0.0
dbe5ccda9aa615d2,0.0,1.0,0.0
dc343a75c20feb17,0.0,1.0,0.0
dc6ac9a2ed574c0a,0.0,1.0,0.0
dcf8182630d6e634,0.0,2.0,0.0
dd6b25827ca2dfb9,0.0,1.0,0.0
ddd1289cfdeb177a,0.0,1.0,0.0
de0bb7185704aeb9,0.0,2.0,0.0
deb2f21abc9e5fd4,0.0,2.0,0.0
ded96a2fbed937de,0.0,1.0,0.0
df06dd4d160d2b2a,0.0,1.0,0.0
df37792a7c3fc3e2,0.0,1.0,0.0
df70c7820fa829de,0.0,2.0,0.0
dff97207adbf2bf1,0.0,1.0,0.0
dffcc815bc4dc9f0,0.0,1.0,0.0
e02ffb8f76fd17fa,0.0,2.0,0.0
e06910f9851215cc,0.0,2.0,0.0
e08a3e1f4f75d136,0.0,1.0,0.0
e131ac8167c29923,0.0,2.0,0.0
e1404e5a01f5ae71,0.0,1.0,0.0
e1cefe3c0ab5a402,0.0,1.0,0.0
e1dbbcca2e4fe792,0.0,1.0,0.0
e1dfd8d083e04103,0.0,1.0,0.0
e228b0a77f2e1272,0.0,1.0,0.0
e27e1256745535d6,0.0,1.0,0.0
e289c62b88bd7d69,0.0,1.0,0.0
e2a4c4f31e57f730,0.0,1.0,0.0
e2d96e5278a74530,0.0,1.0,0.0
e3275d21a6728ada,0.0,1.0,0.0
e34b2c754a4e481c,0.0,3.0,0.0
e35f5a053e82b211,0.0,1.0,0.0
e3651f8c3ee73908,0.0,1.0,0.0
e37d0de99271adf8,0.0,1.0,0.0
e37e955c0ea0ee5e,0.0,1.0,0.0
e38e80bc7550496a,0.0,2.0,0.0
e3b0a915afe0e598,0.0,1.0,0.0
e3cdee04fe01953b,0.0,1.0,0.0
e3e00be41c4b256a,0.0,1.0,0.0
e40a6ad38ca5d306,0.0,1.0,0.0
e40f72b1383a312a,0.0,1.0,0.0
e48a9a2f81dbca01,0.0,1.0,0.0
e54d673071fe4581,0.0,1.0,0.0
e5ab5d3022f50914,0.0,2.0,0.0
e5cf96b61056e21a,0.0,1.0,0.0
e601dad34956e6bc,0.0,2.0,0.0
e68655219f61b9ef,0.0,2.0,0.0
e699a67ae7713679,0.0,1.0,0.0
e6e323df74d0719e,0.0,1.0,0.0
e6f02d3f685a1bdc,0.0,1.0,0.0
e72f397c4fc6fcc4,0.0,1.0,0.0
e760f1a070ee6081,0.0,4.0,0.0
e7875ff84b8410c4,0.0,1.0,0.0
e808cb0172f9ad7c,0.0,2.0,0.0
e81998fb7dd055f1,0.0,1.0,0.0
e81c8f1532a51e4a,0.0,1.0,0.0
e83e82319bc71eef,0.0,1.0,0.0
e861f1a4a9ad4890,0.0,3.0,0.0
e86f73e51728cc78,0.0,2.0,0.0
e8f547610af1fe1c,0.0,2.0,0.0
e90a00a3631beccf,0.0,2.0,0.0
e93141ddfec5b6d5,0.0,1.0,0.0
e93fdb822ecf9986,0.0,1.0,0.0
e953262bec14cd93,0.0,3.0,0.0
e96eaf34b6fbe6bc,0.0,1.0,0.0
e9a553cdf815c0e6,0.0,1.0,0.0
e9ee72b6355b19d2,0.0,1.0,0.0
ea1f2dd8368c1ad4,0.0,1.0,0.0
ea1ffe76ae3aa7bc,0.0,1.0,0.0
ea423eeb51211f18,0.0,1.0,0.0
ea5022ea021d1bd5,0.0,1.0,0.0
ea79c12b454131d1,0.0,3.0,0.0
ea816630dc354c08,0.0,1.0,0.0
eb2a605dc543caba,0.0,1.0,0.0
eb4e834357283f68,0.0,1.0,0.0
eb6285983f9782af,0.0,2.0,0.0
ebc3830353f36075,0.0,1.0,0.0
ebc7c89147e8a0e8,0.0,1.0,0.0
ebf9a8fc9bb518cd,0.0,1.0,0.0
ec05876defae9328,0.0,1.0,0.0
ec2520c1315623a1,0.0,2.0,0.0
ec39ca4279b8b538,0.0,1.0,0.0
ec64acc91a248d76,0.0,1.0,0.0
ecaa29c8fd932408,0.0,1.0,0.0
ed04e91f30ff7239,0.0,2.0,0.0
ed255d0739892dac,0.0,1.0,0.0
ed494fff3ba550a8,0.0,1.0,0.0
ed4e0ec3e6cbb7a2,0.0,1.0,0.0
ed5c02b84f096345,0.0,1.0,0.0
ee0cd39ae1bcb133,0.0,1.0,0.0
ee1a4e568044fdf7,0.0,1.0,0.0
ee9cea73ebe5d543,0.0,1.0,0.0
eea675afac7aedfa,0.0,1.0,0.0
eeca577d83120fc4,0.0,1.0,0.0
eed3ed41ebcbbd3e,0.0,1.0,0.0
eef68f0e54467a4a,0.0,1.0,0.0
ef442b075034fcea,0.0,1.0,0.0
efa9a07170eb42a6,0.0,1.0,0.0
efc9809da5924959,0.0,1.0,0.0
f06103246ceab00f,0.0,1.0,0.0
f06d6263df9fe885,0.0,1.0,0.0
f0c258ddabb1778a,0.0,1.0,0.0
f0e2a49e2a6f01f8,0.0,1.0,0.0
f1707a77ab01eea7,0.0,1.0,0.0
f1a5389875f82fe0,0.0,1.0,0.0
f1a6fe7878b5f3ab,0.0,1.0,0.0
f1a83265a880ce73,0.0,1.0,0.0
f1e102b64fb1a05b,0.0,1.0,0.0
f2527f9833ea8257,0.0,1.0,0.0
f2657a0307cfcb57,0.0,1.0,0.0
f2953ba95c630457,0.0,1.0,0.0
f2d70693257db131,0.0,1.0,0.0
f2e54c3be99f91ee,0.0,1.0,0.0
f33f086ff6f5e434,0.0,3.0,0.0
f3df51fde2cda207,0.0,1.0,0.0
f3e162281949b554,0.0,2.0,0.0
f41fc151ee867a3c,0.0,1.0,0.0
f4243dc9bfb16bf1,0.0,1.0,0.0
f42f772d2158191d,0.0,1.0,0.0
f470917270df981f,0.0,2.0,0.0
f4a152857a60acbb,0.0,1.0,0.0
f4a2c74dfbf609bb,0.0,1.0,0.0
f4b5a4bc69a24e88,0.0,1.0,0.0
f4d7b5fc4446d870,0.0,2.0,0.0
f4fc93a212f25af4,0.0,1.0,0.0
f504ba5ae233df5e,0.0,1.0,0.0
f50639fb35903d59,0.0,1.0,0.0
f50e9ddc664d9c25,0.0,1.0,0.0
f54d5e4550929ea9,0.0,1.0,0.0
f55895abc1dae9e2,0.0,1.0,0.0
f5ba9ec1d9325ffd,0.0,1.0,0.0
f5f72924b7fb0170,0.0,1.0,0.0
f60d4ff465af0d2a,0.0,1.0,0.0
f6263cc1bc2ce91f,0.0,1.0,0.0
f63aa55fbab0b77a,0.0,1.0,0.0
f653b2199a022149,0.0,1.0,0.0
f71678926c1f7cb3,0.0,1.0,0.0
f72dee20d2496a31,0.0,1.0,0.0
f75ff9e78cebc64c,0.0,1.0,0.0
f762c0ebcdad8dc1,0.0,1.0,0.0
f788e10649eca447,0.0,2.0,0.0
f80a0857d42debc9,0.0,1.0,0.0
f81a773588b86450,0.0,1.0,0.0
f831fe4023e29f6f,0.0,1.0,0.0
f8474ae1d440d88d,0.0,1.0,0.0
f85e173928b8471e,0.0,1.0,0.0
f881fc12cdc262b5,0.0,2.0,0.0
f906c8803ad63b40,0.0,2.0,0.0
f90a6109b992a706,0.0,1.0,0.0
f91a96a815fa09ce,0.0,1.0,0.0
f9597dd18a851494,0.0,2.0,0.0
f9a7afb2b767f4f2,0.0,1.0,0.0
f9a9327b4199652d,0.0,2.0,0.0
f9cd1356ff225186,0.0,2.0,0.0
f9f0933af1939067,0.0,2.0,0.0
fa20beb934d68207,0.0,1.0,0.0
fa6525efaf156180,0.0,1.0,0.0
fa6957d727f722c8,0.0,2.0,0.0
fa6f5d3577411016,0.0,2.0,0.0
fa7c12e298cdc425,0.0,1.0,0.0
faa0d27b136ecaea,0.0,1.0,0.0
fad05f7df275f79a,0.0,1.0,0.0
fb793a5bcde0af77,0.0,2.0,0.0
fc165851f43c6983,0.0,1.0,0.0
fc2b12125c2bd694,0.0,1.0,0.0
fc2c964b34851763,0.0,2.0,0.0
fc470242e98c845d,0.0,1.0,0.0
fc70ae6abda907a5,0.0,2.0,0.0
fc7bec70f672f935,0.0,2.0,0.0
fcc32e74afc20af4,0.0,2.0,0.0
fcfea88bf851463a,0.0,1.0,0.0
fd5bcd104fcc17e9,0.0,1.0,0.0
fd7cc354144d9f1a,0.0,1.0,0.0
fd7d10dc33a19560,0.0,1.0,0.0
fdc6536b5332a4d9,0.0,1.0,0.0
fdff32f597d27048,0.0,1.0,0.0
fe1dcd15209c1f1a,0.0,1.0,0.0
fe1eb539195733d2,0.0,1.0,0.0
fe33927104d7fc93,0.0,3.0,0.0
fe46ebbe15495f0d,0.0,1.0,0.0
fe956d010b937966,0.0,1.0,0.0
fed734222ebe2dda,0.0,1.0,0.0
fed88f8edb4563b4,0.0,1.0,0.0
ff20af0290e94f75,0.0,1.0,0.0
ff7886795017b126,0.0,2.0,0.0
ff9f6f8c59aa02ca,0.0,1.0,0.0
ffb273251ba6535f,0.0,1.0,0.0
ffdb3d15c15ac1ed,0.0,1.0,0.0
