level,id,pattern,detector_note
message,MSG0000501,P1_low_value_terminal,short terminal patient reply after care-team response
message,MSG0000944,P1_low_value_terminal,short terminal patient reply after care-team response
message,MSG0001792,P1_low_value_terminal,short terminal patient reply after care-team response
message,MSG0001356,P1_low_value_terminal,short terminal patient reply after care-team response
message,MSG0002675,P1_low_value_terminal,short terminal patient reply after care-team response
message,MSG0003169,P1_low_value_terminal,short terminal patient reply after care-team response
message,MSG0005252,P1_low_value_terminal,short terminal patient reply after care-team response
message,MSG0005248,P1_low_value_terminal,short terminal patient reply after care-team response
message,MSG0005753,P1_low_value_terminal,short terminal patient reply after care-team response
message,MSG0005148,P1_low_value_terminal,short terminal patient reply after care-team response
message,MSG0006465,P1_low_value_terminal,short terminal patient reply after care-team response
message,MSG0006487,P1_low_value_terminal,short terminal patient reply after care-team response
message,MSG0007610,P1_low_value_terminal,short terminal patient reply after care-team response
message,MSG0008467,P1_low_value_terminal,short terminal patient reply after care-team response
message,MSG0008376,P1_low_value_terminal,short terminal patient reply after care-team response
message,MSG0008646,P1_low_value_terminal,short terminal patient reply after care-team response
message,MSG0000161,P2_unread_cc,no access within 14 days
message,MSG0000060,P2_unread_cc,no access within 14 days
message,MSG0000164,P2_unread_cc,no access within 14 days
message,MSG0000063,P2_unread_cc,no access within 14 days
message,MSG0000254,P2_unread_cc,no access within 14 days
message,MSG0000404,P2_unread_cc,no access within 14 days
message,MSG0000323,P2_unread_cc,no access within 14 days
message,MSG0000467,P2_unread_cc,no access within 14 days
message,MSG0000464,P2_unread_cc,no access within 14 days
message,MSG0000402,P2_unread_cc,no access within 14 days
message,MSG0000638,P2_unread_cc,no access within 14 days
message,MSG0000647,P2_unread_cc,no access within 14 days
message,MSG0000641,P2_unread_cc,no access within 14 days
message,MSG0000645,P2_unread_cc,no access within 14 days
message,MSG0000553,P2_unread_cc,no access within 14 days
message,MSG0000554,P2_unread_cc,no access within 14 days
message,MSG0000648,P2_unread_cc,no access within 14 days
message,MSG0000734,P2_unread_cc,no access within 14 days
message,MSG0000910,P2_unread_cc,no access within 14 days
message,MSG0000830,P2_unread_cc,no access within 14 days
message,MSG0000986,P2_unread_cc,no access within 14 days
message,MSG0000909,P2_unread_cc,no access within 14 days
message,MSG0000912,P2_unread_cc,no access within 14 days
message,MSG0000983,P2_unread_cc,no access within 14 days
message,MSG0001235,P2_unread_cc,no access within 14 days
message,MSG0001157,P2_unread_cc,no access within 14 days
message,MSG0001234,P2_unread_cc,no access within 14 days
message,MSG0001238,P2_unread_cc,no access within 14 days
message,MSG0001165,P2_unread_cc,no access within 14 days
message,MSG0001237,P2_unread_cc,no access within 14 days
message,MSG0001075,P2_unread_cc,no access within 14 days
message,MSG0001236,P2_unread_cc,no access within 14 days
message,MSG0001071,P2_unread_cc,no access within 14 days
message,MSG0001158,P2_unread_cc,no access within 14 days
message,MSG0001589,P2_unread_cc,no access within 14 days
message,MSG0001422,P2_unread_cc,no access within 14 days
message,MSG0001591,P2_unread_cc,no access within 14 days
message,MSG0001510,P2_unread_cc,no access within 14 days
message,MSG0001502,P2_unread_cc,no access within 14 days
message,MSG0001420,P2_unread_cc,no access within 14 days
message,MSG0001423,P2_unread_cc,no access within 14 days
message,MSG0001588,P2_unread_cc,no access within 14 days
message,MSG0001505,P2_unread_cc,no access within 14 days
message,MSG0001676,P2_unread_cc,no access within 14 days
message,MSG0001749,P2_unread_cc,no access within 14 days
message,MSG0001851,P2_unread_cc,no access within 14 days
message,MSG0001678,P2_unread_cc,no access within 14 days
message,MSG0001680,P2_unread_cc,no access within 14 days
message,MSG0001848,P2_unread_cc,no access within 14 days
message,MSG0001850,P2_unread_cc,no access within 14 days
message,MSG0001675,P2_unread_cc,no access within 14 days
message,MSG0002079,P2_unread_cc,no access within 14 days
message,MSG0001930,P2_unread_cc,no access within 14 days
message,MSG0002002,P2_unread_cc,no access within 14 days
message,MSG0002003,P2_unread_cc,no access within 14 days
message,MSG0001934,P2_unread_cc,no access within 14 days
message,MSG0001931,P2_unread_cc,no access within 14 days
message,MSG0001932,P2_unread_cc,no access within 14 days
message,MSG0002001,P2_unread_cc,no access within 14 days
message,MSG0002321,P2_unread_cc,no access within 14 days
message,MSG0002241,P2_unread_cc,no access within 14 days
message,MSG0002250,P2_unread_cc,no access within 14 days
message,MSG0002158,P2_unread_cc,no access within 14 days
message,MSG0002155,P2_unread_cc,no access within 14 days
message,MSG0002243,P2_unread_cc,no access within 14 days
message,MSG0002247,P2_unread_cc,no access within 14 days
message,MSG0002568,P2_unread_cc,no access within 14 days
message,MSG0002569,P2_unread_cc,no access within 14 days
message,MSG0002572,P2_unread_cc,no access within 14 days
message,MSG0002473,P2_unread_cc,no access within 14 days
message,MSG0002566,P2_unread_cc,no access within 14 days
message,MSG0002479,P2_unread_cc,no access within 14 days
message,MSG0002485,P2_unread_cc,no access within 14 days
message,MSG0002403,P2_unread_cc,no access within 14 days
message,MSG0002749,P2_unread_cc,no access within 14 days
message,MSG0002832,P2_unread_cc,no access within 14 days
message,MSG0002827,P2_unread_cc,no access within 14 days
message,MSG0002829,P2_unread_cc,no access within 14 days
message,MSG0002914,P2_unread_cc,no access within 14 days
message,MSG0002916,P2_unread_cc,no access within 14 days
message,MSG0003051,P2_unread_cc,no access within 14 days
message,MSG0003058,P2_unread_cc,no access within 14 days
message,MSG0003137,P2_unread_cc,no access within 14 days
message,MSG0002991,P2_unread_cc,no access within 14 days
message,MSG0003057,P2_unread_cc,no access within 14 days
message,MSG0003128,P2_unread_cc,no access within 14 days
message,MSG0003130,P2_unread_cc,no access within 14 days
message,MSG0003132,P2_unread_cc,no access within 14 days
message,MSG0003052,P2_unread_cc,no access within 14 days
message,MSG0003056,P2_unread_cc,no access within 14 days
message,MSG0003214,P2_unread_cc,no access within 14 days
message,MSG0003382,P2_unread_cc,no access within 14 days
message,MSG0003376,P2_unread_cc,no access within 14 days
message,MSG0003215,P2_unread_cc,no access within 14 days
message,MSG0003222,P2_unread_cc,no access within 14 days
message,MSG0003296,P2_unread_cc,no access within 14 days
message,MSG0003291,P2_unread_cc,no access within 14 days
message,MSG0003294,P2_unread_cc,no access within 14 days
message,MSG0003290,P2_unread_cc,no access within 14 days
message,MSG0003287,P2_unread_cc,no access within 14 days
message,MSG0003299,P2_unread_cc,no access within 14 days
message,MSG0003380,P2_unread_cc,no access within 14 days
message,MSG0003217,P2_unread_cc,no access within 14 days
message,MSG0003213,P2_unread_cc,no access within 14 days
message,MSG0003636,P2_unread_cc,no access within 14 days
message,MSG0003540,P2_unread_cc,no access within 14 days
message,MSG0003545,P2_unread_cc,no access within 14 days
message,MSG0003458,P2_unread_cc,no access within 14 days
message,MSG0003543,P2_unread_cc,no access within 14 days
message,MSG0003546,P2_unread_cc,no access within 14 days
message,MSG0003630,P2_unread_cc,no access within 14 days
message,MSG0003634,P2_unread_cc,no access within 14 days
message,MSG0003785,P2_unread_cc,no access within 14 days
message,MSG0003870,P2_unread_cc,no access within 14 days
message,MSG0003871,P2_unread_cc,no access within 14 days
message,MSG0003789,P2_unread_cc,no access within 14 days
message,MSG0003786,P2_unread_cc,no access within 14 days
message,MSG0003788,P2_unread_cc,no access within 14 days
message,MSG0003719,P2_unread_cc,no access within 14 days
message,MSG0003722,P2_unread_cc,no access within 14 days
message,MSG0003864,P2_unread_cc,no access within 14 days
message,MSG0003714,P2_unread_cc,no access within 14 days
message,MSG0003867,P2_unread_cc,no access within 14 days
message,MSG0003875,P2_unread_cc,no access within 14 days
message,MSG0003717,P2_unread_cc,no access within 14 days
message,MSG0003865,P2_unread_cc,no access within 14 days
message,MSG0003872,P2_unread_cc,no access within 14 days
message,MSG0003876,P2_unread_cc,no access within 14 days
message,MSG0004224,P2_unread_cc,no access within 14 days
message,MSG0004138,P2_unread_cc,no access within 14 days
message,MSG0004226,P2_unread_cc,no access within 14 days
message,MSG0004134,P2_unread_cc,no access within 14 days
message,MSG0004058,P2_unread_cc,no access within 14 days
message,MSG0004059,P2_unread_cc,no access within 14 days
message,MSG0004132,P2_unread_cc,no access within 14 days
message,MSG0004133,P2_unread_cc,no access within 14 days
message,MSG0004139,P2_unread_cc,no access within 14 days
message,MSG0004068,P2_unread_cc,no access within 14 days
message,MSG0004070,P2_unread_cc,no access within 14 days
message,MSG0004219,P2_unread_cc,no access within 14 days
message,MSG0004130,P2_unread_cc,no access within 14 days
message,MSG0004069,P2_unread_cc,no access within 14 days
message,MSG0004225,P2_unread_cc,no access within 14 days
message,MSG0004230,P2_unread_cc,no access within 14 days
message,MSG0004462,P2_unread_cc,no access within 14 days
message,MSG0004390,P2_unread_cc,no access within 14 days
message,MSG0004466,P2_unread_cc,no access within 14 days
message,MSG0004311,P2_unread_cc,no access within 14 days
message,MSG0004463,P2_unread_cc,no access within 14 days
message,MSG0004470,P2_unread_cc,no access within 14 days
message,MSG0004386,P2_unread_cc,no access within 14 days
message,MSG0004469,P2_unread_cc,no access within 14 days
message,MSG0004472,P2_unread_cc,no access within 14 days
message,MSG0004549,P2_unread_cc,no access within 14 days
message,MSG0004627,P2_unread_cc,no access within 14 days
message,MSG0004707,P2_unread_cc,no access within 14 days
message,MSG0004703,P2_unread_cc,no access within 14 days
message,MSG0004553,P2_unread_cc,no access within 14 days
message,MSG0004556,P2_unread_cc,no access within 14 days
message,MSG0004629,P2_unread_cc,no access within 14 days
message,MSG0004552,P2_unread_cc,no access within 14 days
message,MSG0004624,P2_unread_cc,no access within 14 days
message,MSG0004838,P2_unread_cc,no access within 14 days
message,MSG0004775,P2_unread_cc,no access within 14 days
message,MSG0004837,P2_unread_cc,no access within 14 days
message,MSG0004915,P2_unread_cc,no access within 14 days
message,MSG0004914,P2_unread_cc,no access within 14 days
message,MSG0004768,P2_unread_cc,no access within 14 days
message,MSG0004772,P2_unread_cc,no access within 14 days
message,MSG0004840,P2_unread_cc,no access within 14 days
message,MSG0004841,P2_unread_cc,no access within 14 days
message,MSG0004842,P2_unread_cc,no access within 14 days
message,MSG0005197,P2_unread_cc,no access within 14 days
message,MSG0005099,P2_unread_cc,no access within 14 days
message,MSG0005007,P2_unread_cc,no access within 14 days
message,MSG0005198,P2_unread_cc,no access within 14 days
message,MSG0005010,P2_unread_cc,no access within 14 days
message,MSG0005194,P2_unread_cc,no access within 14 days
message,MSG0005200,P2_unread_cc,no access within 14 days
message,MSG0005100,P2_unread_cc,no access within 14 days
message,MSG0005196,P2_unread_cc,no access within 14 days
message,MSG0005193,P2_unread_cc,no access within 14 days
message,MSG0005483,P2_unread_cc,no access within 14 days
message,MSG0005395,P2_unread_cc,no access within 14 days
message,MSG0005486,P2_unread_cc,no access within 14 days
message,MSG0005335,P2_unread_cc,no access within 14 days
message,MSG0005485,P2_unread_cc,no access within 14 days
message,MSG0005492,P2_unread_cc,no access within 14 days
message,MSG0005337,P2_unread_cc,no access within 14 days
message,MSG0005402,P2_unread_cc,no access within 14 days
message,MSG0005564,P2_unread_cc,no access within 14 days
message,MSG0005650,P2_unread_cc,no access within 14 days
message,MSG0005728,P2_unread_cc,no access within 14 days
message,MSG0005565,P2_unread_cc,no access within 14 days
message,MSG0005568,P2_unread_cc,no access within 14 days
message,MSG0005562,P2_unread_cc,no access within 14 days
message,MSG0005560,P2_unread_cc,no access within 14 days
message,MSG0005726,P2_unread_cc,no access within 14 days
message,MSG0005643,P2_unread_cc,no access within 14 days
message,MSG0005646,P2_unread_cc,no access within 14 days
message,MSG0005854,P2_unread_cc,no access within 14 days
message,MSG0005862,P2_unread_cc,no access within 14 days
message,MSG0005857,P2_unread_cc,no access within 14 days
message,MSG0005937,P2_unread_cc,no access within 14 days
message,MSG0005933,P2_unread_cc,no access within 14 days
message,MSG0005786,P2_unread_cc,no access within 14 days
message,MSG0005936,P2_unread_cc,no access within 14 days
message,MSG0005856,P2_unread_cc,no access within 14 days
message,MSG0006086,P2_unread_cc,no access within 14 days
message,MSG0006084,P2_unread_cc,no access within 14 days
message,MSG0006089,P2_unread_cc,no access within 14 days
message,MSG0006168,P2_unread_cc,no access within 14 days
message,MSG0006175,P2_unread_cc,no access within 14 days
message,MSG0006088,P2_unread_cc,no access within 14 days
message,MSG0006176,P2_unread_cc,no access within 14 days
message,MSG0006174,P2_unread_cc,no access within 14 days
message,MSG0006324,P2_unread_cc,no access within 14 days
message,MSG0006251,P2_unread_cc,no access within 14 days
message,MSG0006257,P2_unread_cc,no access within 14 days
message,MSG0006397,P2_unread_cc,no access within 14 days
message,MSG0006326,P2_unread_cc,no access within 14 days
message,MSG0006263,P2_unread_cc,no access within 14 days
message,MSG0006248,P2_unread_cc,no access within 14 days
message,MSG0006253,P2_unread_cc,no access within 14 days
message,MSG0006400,P2_unread_cc,no access within 14 days
message,MSG0006398,P2_unread_cc,no access within 14 days
message,MSG0006255,P2_unread_cc,no access within 14 days
message,MSG0006321,P2_unread_cc,no access within 14 days
message,MSG0006322,P2_unread_cc,no access within 14 days
message,MSG0006745,P2_unread_cc,no access within 14 days
message,MSG0006590,P2_unread_cc,no access within 14 days
message,MSG0006747,P2_unread_cc,no access within 14 days
message,MSG0006675,P2_unread_cc,no access within 14 days
message,MSG0006666,P2_unread_cc,no access within 14 days
message,MSG0006672,P2_unread_cc,no access within 14 days
message,MSG0006589,P2_unread_cc,no access within 14 days
message,MSG0006743,P2_unread_cc,no access within 14 days
message,MSG0006911,P2_unread_cc,no access within 14 days
message,MSG0006904,P2_unread_cc,no access within 14 days
message,MSG0006824,P2_unread_cc,no access within 14 days
message,MSG0006997,P2_unread_cc,no access within 14 days
message,MSG0006909,P2_unread_cc,no access within 14 days
message,MSG0006996,P2_unread_cc,no access within 14 days
message,MSG0006831,P2_unread_cc,no access within 14 days
message,MSG0007002,P2_unread_cc,no access within 14 days
message,MSG0006994,P2_unread_cc,no access within 14 days
message,MSG0006829,P2_unread_cc,no access within 14 days
message,MSG0007000,P2_unread_cc,no access within 14 days
message,MSG0006832,P2_unread_cc,no access within 14 days
message,MSG0006903,P2_unread_cc,no access within 14 days
message,MSG0006993,P2_unread_cc,no access within 14 days
message,MSG0007093,P2_unread_cc,no access within 14 days
message,MSG0007087,P2_unread_cc,no access within 14 days
message,MSG0007249,P2_unread_cc,no access within 14 days
message,MSG0007246,P2_unread_cc,no access within 14 days
message,MSG0007091,P2_unread_cc,no access within 14 days
message,MSG0007082,P2_unread_cc,no access within 14 days
message,MSG0007185,P2_unread_cc,no access within 14 days
message,MSG0007252,P2_unread_cc,no access within 14 days
message,MSG0007251,P2_unread_cc,no access within 14 days
message,MSG0007247,P2_unread_cc,no access within 14 days
message,MSG0007179,P2_unread_cc,no access within 14 days
message,MSG0007177,P2_unread_cc,no access within 14 days
message,MSG0007494,P2_unread_cc,no access within 14 days
message,MSG0007327,P2_unread_cc,no access within 14 days
message,MSG0007336,P2_unread_cc,no access within 14 days
message,MSG0007497,P2_unread_cc,no access within 14 days
message,MSG0007496,P2_unread_cc,no access within 14 days
message,MSG0007488,P2_unread_cc,no access within 14 days
message,MSG0007334,P2_unread_cc,no access within 14 days
message,MSG0007581,P2_unread_cc,no access within 14 days
message,MSG0007749,P2_unread_cc,no access within 14 days
message,MSG0007741,P2_unread_cc,no access within 14 days
message,MSG0007661,P2_unread_cc,no access within 14 days
message,MSG0007665,P2_unread_cc,no access within 14 days
message,MSG0008101,P2_unread_cc,no access within 14 days
message,MSG0008099,P2_unread_cc,no access within 14 days
message,MSG0007943,P2_unread_cc,no access within 14 days
message,MSG0007941,P2_unread_cc,no access within 14 days
message,MSG0007942,P2_unread_cc,no access within 14 days
message,MSG0007939,P2_unread_cc,no access within 14 days
message,MSG0008098,P2_unread_cc,no access within 14 days
message,MSG0008344,P2_unread_cc,no access within 14 days
message,MSG0008185,P2_unread_cc,no access within 14 days
message,MSG0008265,P2_unread_cc,no access within 14 days
message,MSG0008184,P2_unread_cc,no access within 14 days
message,MSG0008274,P2_unread_cc,no access within 14 days
message,MSG0008343,P2_unread_cc,no access within 14 days
message,MSG0008188,P2_unread_cc,no access within 14 days
message,MSG0008186,P2_unread_cc,no access within 14 days
message,MSG0008177,P2_unread_cc,no access within 14 days
message,MSG0008182,P2_unread_cc,no access within 14 days
message,MSG0008181,P2_unread_cc,no access within 14 days
message,MSG0008272,P2_unread_cc,no access within 14 days
message,MSG0008180,P2_unread_cc,no access within 14 days
message,MSG0008266,P2_unread_cc,no access within 14 days
message,MSG0008510,P2_unread_cc,no access within 14 days
message,MSG0008425,P2_unread_cc,no access within 14 days
message,MSG0008508,P2_unread_cc,no access within 14 days
message,MSG0008427,P2_unread_cc,no access within 14 days
message,MSG0008421,P2_unread_cc,no access within 14 days
message,MSG0008600,P2_unread_cc,no access within 14 days
message,MSG0008507,P2_unread_cc,no access within 14 days
message,MSG0008777,P2_unread_cc,no access within 14 days
message,MSG0008783,P2_unread_cc,no access within 14 days
message,MSG0008772,P2_unread_cc,no access within 14 days
message,MSG0008770,P2_unread_cc,no access within 14 days
message,MSG0008778,P2_unread_cc,no access within 14 days
message,MSG0008865,P2_unread_cc,no access within 14 days
message,MSG0008694,P2_unread_cc,no access within 14 days
message,MSG0008860,P2_unread_cc,no access within 14 days
message,MSG0008781,P2_unread_cc,no access within 14 days
message,MSG0008866,P2_unread_cc,no access within 14 days
message,MSG0008960,P2_unread_cc,no access within 14 days
message,MSG0008962,P2_unread_cc,no access within 14 days
message,MSG0008968,P2_unread_cc,no access within 14 days
message,MSG0008964,P2_unread_cc,no access within 14 days
message,MSG0009049,P2_unread_cc,no access within 14 days
message,MSG0009137,P2_unread_cc,no access within 14 days
message,MSG0009138,P2_unread_cc,no access within 14 days
message,MSG0009052,P2_unread_cc,no access within 14 days
message,MSG0008959,P2_unread_cc,no access within 14 days
message,MSG0008961,P2_unread_cc,no access within 14 days
message,MSG0009369,P2_unread_cc,no access within 14 days
message,MSG0009444,P2_unread_cc,no access within 14 days
message,MSG0009446,P2_unread_cc,no access within 14 days
message,MSG0009368,P2_unread_cc,no access within 14 days
message,MSG0009371,P2_unread_cc,no access within 14 days
message,MSG0009440,P2_unread_cc,no access within 14 days
message,MSG0009688,P2_unread_cc,no access within 14 days
message,MSG0009698,P2_unread_cc,no access within 14 days
message,MSG0009690,P2_unread_cc,no access within 14 days
message,MSG0009697,P2_unread_cc,no access within 14 days
message,MSG0009606,P2_unread_cc,no access within 14 days
message,MSG0009608,P2_unread_cc,no access within 14 days
message,MSG0009605,P2_unread_cc,no access within 14 days
message,MSG0009930,P2_unread_cc,no access within 14 days
message,MSG0009859,P2_unread_cc,no access within 14 days
message,MSG0009926,P2_unread_cc,no access within 14 days
message,MSG0009865,P2_unread_cc,no access within 14 days
message,MSG0010194,P2_unread_cc,no access within 14 days
message,MSG0010005,P2_unread_cc,no access within 14 days
message,MSG0010010,P2_unread_cc,no access within 14 days
message,MSG0010119,P2_unread_cc,no access within 14 days
message,MSG0010188,P2_unread_cc,no access within 14 days
message,MSG0010187,P2_unread_cc,no access within 14 days
message,MSG0010189,P2_unread_cc,no access within 14 days
message,MSG0010118,P2_unread_cc,no access within 14 days
message,MSG0010123,P2_unread_cc,no access within 14 days
message,MSG0010122,P2_unread_cc,no access within 14 days
message,MSG0010430,P2_unread_cc,no access within 14 days
message,MSG0010260,P2_unread_cc,no access within 14 days
message,MSG0010265,P2_unread_cc,no access within 14 days
message,MSG0010259,P2_unread_cc,no access within 14 days
message,MSG0010350,P2_unread_cc,no access within 14 days
message,MSG0010261,P2_unread_cc,no access within 14 days
message,MSG0010432,P2_unread_cc,no access within 14 days
message,MSG0010351,P2_unread_cc,no access within 14 days
message,MSG0010431,P2_unread_cc,no access within 14 days
message,MSG0010268,P2_unread_cc,no access within 14 days
message,MSG0010424,P2_unread_cc,no access within 14 days
thread,THR0000003,P3_extended_thread,6 exchanges over 7.9 days; no intervening visit
thread,THR0000181,P3_extended_thread,4 exchanges over 6.8 days; no intervening visit
thread,THR0000466,P3_extended_thread,4 exchanges over 4.9 days; no intervening visit
thread,THR0000544,P3_extended_thread,4 exchanges over 4.7 days; no intervening visit
thread,THR0001046,P3_extended_thread,4 exchanges over 4.6 days; no intervening visit
thread,THR0001203,P3_extended_thread,4 exchanges over 4.8 days; no intervening visit
thread,THR0001233,P3_extended_thread,6 exchanges over 7.5 days; no intervening visit
thread,THR0001439,P3_extended_thread,6 exchanges over 9.4 days; no intervening visit
thread,THR0001594,P3_extended_thread,4 exchanges over 5.6 days; no intervening visit
thread,THR0001760,P3_extended_thread,4 exchanges over 6.2 days; no intervening visit
thread,THR0002381,P3_extended_thread,6 exchanges over 4.9 days; no intervening visit
thread,THR0002530,P3_extended_thread,6 exchanges over 8.0 days; no intervening visit
thread,THR0003072,P3_extended_thread,4 exchanges over 4.6 days; no intervening visit
thread,THR0003143,P3_extended_thread,4 exchanges over 3.1 days; no intervening visit
thread,THR0003224,P3_extended_thread,6 exchanges over 8.0 days; no intervening visit
thread,THR0003943,P3_extended_thread,5 exchanges over 4.0 days; no intervening visit
thread,THR0004096,P3_extended_thread,6 exchanges over 9.7 days; no intervening visit
thread,THR0004324,P3_extended_thread,6 exchanges over 7.8 days; no intervening visit
thread,THR0004525,P3_extended_thread,4 exchanges over 3.7 days; no intervening visit
thread,THR0004668,P3_extended_thread,4 exchanges over 3.7 days; no intervening visit
thread,THR0004750,P3_extended_thread,5 exchanges over 4.8 days; no intervening visit
thread,THR0004751,P3_extended_thread,4 exchanges over 4.7 days; no intervening visit
thread,THR0004752,P3_extended_thread,4 exchanges over 5.9 days; no intervening visit
thread,THR0004834,P3_extended_thread,7 exchanges over 9.9 days; no intervening visit
thread,THR0004932,P3_extended_thread,4 exchanges over 4.0 days; no intervening visit
thread,THR0005469,P3_extended_thread,4 exchanges over 5.8 days; no intervening visit
thread,THR0005613,P3_extended_thread,4 exchanges over 3.8 days; no intervening visit
thread,THR0005758,P3_extended_thread,4 exchanges over 3.7 days; no intervening visit
thread,THR0005989,P3_extended_thread,4 exchanges over 4.5 days; no intervening visit
thread,THR0007027,P3_extended_thread,4 exchanges over 4.2 days; no intervening visit
thread,THR0007423,P3_extended_thread,6 exchanges over 8.7 days; no intervening visit
thread,THR0007830,P3_extended_thread,6 exchanges over 11.6 days; no intervening visit
thread,THR0008143,P3_extended_thread,5 exchanges over 3.9 days; no intervening visit
thread,THR0008145,P3_extended_thread,6 exchanges over 7.5 days; no intervening visit
thread,THR0008299,P3_extended_thread,4 exchanges over 3.4 days; no intervening visit
thread,THR0008301,P3_extended_thread,4 exchanges over 3.9 days; no intervening visit
thread,THR0008388,P3_extended_thread,4 exchanges over 3.7 days; no intervening visit
thread,THR0008471,P3_extended_thread,4 exchanges over 7.2 days; no intervening visit
thread,THR0008696,P3_extended_thread,5 exchanges over 8.1 days; no intervening visit
thread,THR0009153,P3_extended_thread,6 exchanges over 7.8 days; no intervening visit
thread,THR0009690,P3_extended_thread,6 exchanges over 7.0 days; no intervening visit
message,MSG0000027,P4_result_nonordering,recipient neither ordering nor documented covering provider
message,MSG0000132,P4_result_nonordering,recipient neither ordering nor documented covering provider
message,MSG0000387,P4_result_nonordering,recipient neither ordering nor documented covering provider
message,MSG0000616,P4_result_nonordering,recipient neither ordering nor documented covering provider
message,MSG0000695,P4_result_nonordering,recipient neither ordering nor documented covering provider
message,MSG0000960,P4_result_nonordering,recipient neither ordering nor documented covering provider
message,MSG0000783,P4_result_nonordering,recipient neither ordering nor documented covering provider
message,MSG0001271,P4_result_nonordering,recipient neither ordering nor documented covering provider
message,MSG0001358,P4_result_nonordering,recipient neither ordering nor documented covering provider
message,MSG0001322,P4_result_nonordering,recipient neither ordering nor documented covering provider
message,MSG0001819,P4_result_nonordering,recipient neither ordering nor documented covering provider
message,MSG0001902,P4_result_nonordering,recipient neither ordering nor documented covering provider
message,MSG0002063,P4_result_nonordering,recipient neither ordering nor documented covering provider
message,MSG0002137,P4_result_nonordering,recipient neither ordering nor documented covering provider
message,MSG0002447,P4_result_nonordering,recipient neither ordering nor documented covering provider
message,MSG0002449,P4_result_nonordering,recipient neither ordering nor documented covering provider
message,MSG0002630,P4_result_nonordering,recipient neither ordering nor documented covering provider
message,MSG0002725,P4_result_nonordering,recipient neither ordering nor documented covering provider
message,MSG0002729,P4_result_nonordering,recipient neither ordering nor documented covering provider
message,MSG0003106,P4_result_nonordering,recipient neither ordering nor documented covering provider
message,MSG0002972,P4_result_nonordering,recipient neither ordering nor documented covering provider
message,MSG0003352,P4_result_nonordering,recipient neither ordering nor documented covering provider
message,MSG0003614,P4_result_nonordering,recipient neither ordering nor documented covering provider
message,MSG0003762,P4_result_nonordering,recipient neither ordering nor documented covering provider
message,MSG0003835,P4_result_nonordering,recipient neither ordering nor documented covering provider
message,MSG0003903,P4_result_nonordering,recipient neither ordering nor documented covering provider
message,MSG0004037,P4_result_nonordering,recipient neither ordering nor documented covering provider
message,MSG0004436,P4_result_nonordering,recipient neither ordering nor documented covering provider
message,MSG0004531,P4_result_nonordering,recipient neither ordering nor documented covering provider
message,MSG0005065,P4_result_nonordering,recipient neither ordering nor documented covering provider
message,MSG0005310,P4_result_nonordering,recipient neither ordering nor documented covering provider
message,MSG0005451,P4_result_nonordering,recipient neither ordering nor documented covering provider
message,MSG0005313,P4_result_nonordering,recipient neither ordering nor documented covering provider
message,MSG0005536,P4_result_nonordering,recipient neither ordering nor documented covering provider
message,MSG0005837,P4_result_nonordering,recipient neither ordering nor documented covering provider
message,MSG0005769,P4_result_nonordering,recipient neither ordering nor documented covering provider
message,MSG0005912,P4_result_nonordering,recipient neither ordering nor documented covering provider
message,MSG0005909,P4_result_nonordering,recipient neither ordering nor documented covering provider
message,MSG0005990,P4_result_nonordering,recipient neither ordering nor documented covering provider
message,MSG0006059,P4_result_nonordering,recipient neither ordering nor documented covering provider
message,MSG0006304,P4_result_nonordering,recipient neither ordering nor documented covering provider
message,MSG0006222,P4_result_nonordering,recipient neither ordering nor documented covering provider
message,MSG0006303,P4_result_nonordering,recipient neither ordering nor documented covering provider
message,MSG0006452,P4_result_nonordering,recipient neither ordering nor documented covering provider
message,MSG0006453,P4_result_nonordering,recipient neither ordering nor documented covering provider
message,MSG0006724,P4_result_nonordering,recipient neither ordering nor documented covering provider
message,MSG0006723,P4_result_nonordering,recipient neither ordering nor documented covering provider
message,MSG0008478,P4_result_nonordering,recipient neither ordering nor documented covering provider
message,MSG0008562,P4_result_nonordering,recipient neither ordering nor documented covering provider
message,MSG0008760,P4_result_nonordering,recipient neither ordering nor documented covering provider
message,MSG0008755,P4_result_nonordering,recipient neither ordering nor documented covering provider
message,MSG0008753,P4_result_nonordering,recipient neither ordering nor documented covering provider
message,MSG0008929,P4_result_nonordering,recipient neither ordering nor documented covering provider
message,MSG0009100,P4_result_nonordering,recipient neither ordering nor documented covering provider
message,MSG0009261,P4_result_nonordering,recipient neither ordering nor documented covering provider
message,MSG0009340,P4_result_nonordering,recipient neither ordering nor documented covering provider
message,MSG0009487,P4_result_nonordering,recipient neither ordering nor documented covering provider
message,MSG0009572,P4_result_nonordering,recipient neither ordering nor documented covering provider
message,MSG0009835,P4_result_nonordering,recipient neither ordering nor documented covering provider
message,MSG0009834,P4_result_nonordering,recipient neither ordering nor documented covering provider
message,MSG0009909,P4_result_nonordering,recipient neither ordering nor documented covering provider
message,MSG0009753,P4_result_nonordering,recipient neither ordering nor documented covering provider
message,MSG0009979,P4_result_nonordering,recipient neither ordering nor documented covering provider
message,MSG0010158,P4_result_nonordering,recipient neither ordering nor documented covering provider
message,MSG0009982,P4_result_nonordering,recipient neither ordering nor documented covering provider
message,MSG0010082,P4_result_nonordering,recipient neither ordering nor documented covering provider
message,MSG0010333,P4_result_nonordering,recipient neither ordering nor documented covering provider
message,MSG0010467,P4_result_nonordering,recipient neither ordering nor documented covering provider
message,MSG0010466,P4_result_nonordering,recipient neither ordering nor documented covering provider
message,MSG0000107,P5_staff_to_provider_forward,initial patient message to staff pool subsequently forwarded to provider
message,MSG0000207,P5_staff_to_provider_forward,initial patient message to staff pool subsequently forwarded to provider
message,MSG0000005,P5_staff_to_provider_forward,initial patient message to staff pool subsequently forwarded to provider
message,MSG0000197,P5_staff_to_provider_forward,initial patient message to staff pool subsequently forwarded to provider
message,MSG0000195,P5_staff_to_provider_forward,initial patient message to staff pool subsequently forwarded to provider
message,MSG0000099,P5_staff_to_provider_forward,initial patient message to staff pool subsequently forwarded to provider
message,MSG0000101,P5_staff_to_provider_forward,initial patient message to staff pool subsequently forwarded to provider
message,MSG0000013,P5_staff_to_provider_forward,initial patient message to staff pool subsequently forwarded to provider
message,MSG0000003,P5_staff_to_provider_forward,initial patient message to staff pool subsequently forwarded to provider
message,MSG0000201,P5_staff_to_provider_forward,initial patient message to staff pool subsequently forwarded to provider
message,MSG0000097,P5_staff_to_provider_forward,initial patient message to staff pool subsequently forwarded to provider
message,MSG0000001,P5_staff_to_provider_forward,initial patient message to staff pool subsequently forwarded to provider
message,MSG0000356,P5_staff_to_provider_forward,initial patient message to staff pool subsequently forwarded to provider
message,MSG0000294,P5_staff_to_provider_forward,initial patient message to staff pool subsequently forwarded to provider
message,MSG0000358,P5_staff_to_provider_forward,initial patient message to staff pool subsequently forwarded to provider
message,MSG0000362,P5_staff_to_provider_forward,initial patient message to staff pool subsequently forwarded to provider
message,MSG0000290,P5_staff_to_provider_forward,initial patient message to staff pool subsequently forwarded to provider
message,MSG0000679,P5_staff_to_provider_forward,initial patient message to staff pool subsequently forwarded to provider
message,MSG0000499,P5_staff_to_provider_forward,initial patient message to staff pool subsequently forwarded to provider
message,MSG0000504,P5_staff_to_provider_forward,initial patient message to staff pool subsequently forwarded to provider
message,MSG0000502,P5_staff_to_provider_forward,initial patient message to staff pool subsequently forwarded to provider
message,MSG0000585,P5_staff_to_provider_forward,initial patient message to staff pool subsequently forwarded to provider
message,MSG0000673,P5_staff_to_provider_forward,initial patient message to staff pool subsequently forwarded to provider
message,MSG0000591,P5_staff_to_provider_forward,initial patient message to staff pool subsequently forwarded to provider
message,MSG0000677,P5_staff_to_provider_forward,initial patient message to staff pool subsequently forwarded to provider
message,MSG0000675,P5_staff_to_provider_forward,initial patient message to staff pool subsequently forwarded to provider
message,MSG0000360,P5_staff_to_provider_forward,initial patient message to staff pool subsequently forwarded to provider
message,MSG0000007,P5_staff_to_provider_forward,initial patient message to staff pool subsequently forwarded to provider
message,MSG0000774,P5_staff_to_provider_forward,initial patient message to staff pool subsequently forwarded to provider
message,MSG0000942,P5_staff_to_provider_forward,initial patient message to staff pool subsequently forwarded to provider
message,MSG0000199,P5_staff_to_provider_forward,initial patient message to staff pool subsequently forwarded to provider
message,MSG0000945,P5_staff_to_provider_forward,initial patient message to staff pool subsequently forwarded to provider
message,MSG0000768,P5_staff_to_provider_forward,initial patient message to staff pool subsequently forwarded to provider
message,MSG0000587,P5_staff_to_provider_forward,initial patient message to staff pool subsequently forwarded to provider
message,MSG0000292,P5_staff_to_provider_forward,initial patient message to staff pool subsequently forwarded to provider
message,MSG0001019,P5_staff_to_provider_forward,initial patient message to staff pool subsequently forwarded to provider
message,MSG0001118,P5_staff_to_provider_forward,initial patient message to staff pool subsequently forwarded to provider
message,MSG0001124,P5_staff_to_provider_forward,initial patient message to staff pool subsequently forwarded to provider
message,MSG0001120,P5_staff_to_provider_forward,initial patient message to staff pool subsequently forwarded to provider
message,MSG0001021,P5_staff_to_provider_forward,initial patient message to staff pool subsequently forwarded to provider
message,MSG0001197,P5_staff_to_provider_forward,initial patient message to staff pool subsequently forwarded to provider
message,MSG0001023,P5_staff_to_provider_forward,initial patient message to staff pool subsequently forwarded to provider
message,MSG0001114,P5_staff_to_provider_forward,initial patient message to staff pool subsequently forwarded to provider
message,MSG0000009,P5_staff_to_provider_forward,initial patient message to staff pool subsequently forwarded to provider
message,MSG0001297,P5_staff_to_provider_forward,initial patient message to staff pool subsequently forwarded to provider
message,MSG0001281,P5_staff_to_provider_forward,initial patient message to staff pool subsequently forwarded to provider
message,MSG0001265,P5_staff_to_provider_forward,initial patient message to staff pool subsequently forwarded to provider
message,MSG0000506,P5_staff_to_provider_forward,initial patient message to staff pool subsequently forwarded to provider
message,MSG0001334,P5_staff_to_provider_forward,initial patient message to staff pool subsequently forwarded to provider
message,MSG0001321,P5_staff_to_provider_forward,initial patient message to staff pool subsequently forwarded to provider
message,MSG0001352,P5_staff_to_provider_forward,initial patient message to staff pool subsequently forwarded to provider
message,MSG0001336,P5_staff_to_provider_forward,initial patient message to staff pool subsequently forwarded to provider
message,MSG0001315,P5_staff_to_provider_forward,initial patient message to staff pool subsequently forwarded to provider
message,MSG0001369,P5_staff_to_provider_forward,initial patient message to staff pool subsequently forwarded to provider
message,MSG0001538,P5_staff_to_provider_forward,initial patient message to staff pool subsequently forwarded to provider
message,MSG0001546,P5_staff_to_provider_forward,initial patient message to staff pool subsequently forwarded to provider
message,MSG0001371,P5_staff_to_provider_forward,initial patient message to staff pool subsequently forwarded to provider
message,MSG0001548,P5_staff_to_provider_forward,initial patient message to staff pool subsequently forwarded to provider
message,MSG0001375,P5_staff_to_provider_forward,initial patient message to staff pool subsequently forwarded to provider
message,MSG0001116,P5_staff_to_provider_forward,initial patient message to staff pool subsequently forwarded to provider
message,MSG0001710,P5_staff_to_provider_forward,initial patient message to staff pool subsequently forwarded to provider
message,MSG0001632,P5_staff_to_provider_forward,initial patient message to staff pool subsequently forwarded to provider
message,MSG0001627,P5_staff_to_provider_forward,initial patient message to staff pool subsequently forwarded to provider
message,MSG0001625,P5_staff_to_provider_forward,initial patient message to staff pool subsequently forwarded to provider
message,MSG0001630,P5_staff_to_provider_forward,initial patient message to staff pool subsequently forwarded to provider
message,MSG0001790,P5_staff_to_provider_forward,initial patient message to staff pool subsequently forwarded to provider
message,MSG0001283,P5_staff_to_provider_forward,initial patient message to staff pool subsequently forwarded to provider
message,MSG0001793,P5_staff_to_provider_forward,initial patient message to staff pool subsequently forwarded to provider
message,MSG0001706,P5_staff_to_provider_forward,initial patient message to staff pool subsequently forwarded to provider
message,MSG0001354,P5_staff_to_provider_forward,initial patient message to staff pool subsequently forwarded to provider
message,MSG0001377,P5_staff_to_provider_forward,initial patient message to staff pool subsequently forwarded to provider
message,MSG0001317,P5_staff_to_provider_forward,initial patient message to staff pool subsequently forwarded to provider
message,MSG0001883,P5_staff_to_provider_forward,initial patient message to staff pool subsequently forwarded to provider
message,MSG0001881,P5_staff_to_provider_forward,initial patient message to staff pool subsequently forwarded to provider
message,MSG0001540,P5_staff_to_provider_forward,initial patient message to staff pool subsequently forwarded to provider
message,MSG0002041,P5_staff_to_provider_forward,initial patient message to staff pool subsequently forwarded to provider
message,MSG0001879,P5_staff_to_provider_forward,initial patient message to staff pool subsequently forwarded to provider
message,MSG0002281,P5_staff_to_provider_forward,initial patient message to staff pool subsequently forwarded to provider
message,MSG0002188,P5_staff_to_provider_forward,initial patient message to staff pool subsequently forwarded to provider
message,MSG0002190,P5_staff_to_provider_forward,initial patient message to staff pool subsequently forwarded to provider
message,MSG0001319,P5_staff_to_provider_forward,initial patient message to staff pool subsequently forwarded to provider
message,MSG0002522,P5_staff_to_provider_forward,initial patient message to staff pool subsequently forwarded to provider
message,MSG0002520,P5_staff_to_provider_forward,initial patient message to staff pool subsequently forwarded to provider
message,MSG0001708,P5_staff_to_provider_forward,initial patient message to staff pool subsequently forwarded to provider
message,MSG0002367,P5_staff_to_provider_forward,initial patient message to staff pool subsequently forwarded to provider
message,MSG0002518,P5_staff_to_provider_forward,initial patient message to staff pool subsequently forwarded to provider
message,MSG0002439,P5_staff_to_provider_forward,initial patient message to staff pool subsequently forwarded to provider
message,MSG0001885,P5_staff_to_provider_forward,initial patient message to staff pool subsequently forwarded to provider
message,MSG0002701,P5_staff_to_provider_forward,initial patient message to staff pool subsequently forwarded to provider
message,MSG0002682,P5_staff_to_provider_forward,initial patient message to staff pool subsequently forwarded to provider
message,MSG0002680,P5_staff_to_provider_forward,initial patient message to staff pool subsequently forwarded to provider
message,MSG0002678,P5_staff_to_provider_forward,initial patient message to staff pool subsequently forwarded to provider
message,MSG0002676,P5_staff_to_provider_forward,initial patient message to staff pool subsequently forwarded to provider
message,MSG0002655,P5_staff_to_provider_forward,initial patient message to staff pool subsequently forwarded to provider
message,MSG0002524,P5_staff_to_provider_forward,initial patient message to staff pool subsequently forwarded to provider
message,MSG0002866,P5_staff_to_provider_forward,initial patient message to staff pool subsequently forwarded to provider
message,MSG0002864,P5_staff_to_provider_forward,initial patient message to staff pool subsequently forwarded to provider
message,MSG0002790,P5_staff_to_provider_forward,initial patient message to staff pool subsequently forwarded to provider
message,MSG0002795,P5_staff_to_provider_forward,initial patient message to staff pool subsequently forwarded to provider
message,MSG0002868,P5_staff_to_provider_forward,initial patient message to staff pool subsequently forwarded to provider
message,MSG0002792,P5_staff_to_provider_forward,initial patient message to staff pool subsequently forwarded to provider
message,MSG0002713,P5_staff_to_provider_forward,initial patient message to staff pool subsequently forwarded to provider
message,MSG0002957,P5_staff_to_provider_forward,initial patient message to staff pool subsequently forwarded to provider
message,MSG0002955,P5_staff_to_provider_forward,initial patient message to staff pool subsequently forwarded to provider
message,MSG0003089,P5_staff_to_provider_forward,initial patient message to staff pool subsequently forwarded to provider
message,MSG0002953,P5_staff_to_provider_forward,initial patient message to staff pool subsequently forwarded to provider
message,MSG0003091,P5_staff_to_provider_forward,initial patient message to staff pool subsequently forwarded to provider
message,MSG0001542,P5_staff_to_provider_forward,initial patient message to staff pool subsequently forwarded to provider
message,MSG0002526,P5_staff_to_provider_forward,initial patient message to staff pool subsequently forwarded to provider
message,MSG0003176,P5_staff_to_provider_forward,initial patient message to staff pool subsequently forwarded to provider
message,MSG0003249,P5_staff_to_provider_forward,initial patient message to staff pool subsequently forwarded to provider
message,MSG0003329,P5_staff_to_provider_forward,initial patient message to staff pool subsequently forwarded to provider
message,MSG0003174,P5_staff_to_provider_forward,initial patient message to staff pool subsequently forwarded to provider
message,MSG0003172,P5_staff_to_provider_forward,initial patient message to staff pool subsequently forwarded to provider
message,MSG0003167,P5_staff_to_provider_forward,initial patient message to staff pool subsequently forwarded to provider
message,MSG0003251,P5_staff_to_provider_forward,initial patient message to staff pool subsequently forwarded to provider
message,MSG0003253,P5_staff_to_provider_forward,initial patient message to staff pool subsequently forwarded to provider
message,MSG0003333,P5_staff_to_provider_forward,initial patient message to staff pool subsequently forwarded to provider
message,MSG0003255,P5_staff_to_provider_forward,initial patient message to staff pool subsequently forwarded to provider
message,MSG0002684,P5_staff_to_provider_forward,initial patient message to staff pool subsequently forwarded to provider
message,MSG0003591,P5_staff_to_provider_forward,initial patient message to staff pool subsequently forwarded to provider
message,MSG0003414,P5_staff_to_provider_forward,initial patient message to staff pool subsequently forwarded to provider
message,MSG0003593,P5_staff_to_provider_forward,initial patient message to staff pool subsequently forwarded to provider
message,MSG0003412,P5_staff_to_provider_forward,initial patient message to staff pool subsequently forwarded to provider
message,MSG0003501,P5_staff_to_provider_forward,initial patient message to staff pool subsequently forwarded to provider
message,MSG0003416,P5_staff_to_provider_forward,initial patient message to staff pool subsequently forwarded to provider
message,MSG0003331,P5_staff_to_provider_forward,initial patient message to staff pool subsequently forwarded to provider
message,MSG0003751,P5_staff_to_provider_forward,initial patient message to staff pool subsequently forwarded to provider
message,MSG0003747,P5_staff_to_provider_forward,initial patient message to staff pool subsequently forwarded to provider
message,MSG0003821,P5_staff_to_provider_forward,initial patient message to staff pool subsequently forwarded to provider
message,MSG0003823,P5_staff_to_provider_forward,initial patient message to staff pool subsequently forwarded to provider
message,MSG0003825,P5_staff_to_provider_forward,initial patient message to staff pool subsequently forwarded to provider
message,MSG0003745,P5_staff_to_provider_forward,initial patient message to staff pool subsequently forwarded to provider
message,MSG0003257,P5_staff_to_provider_forward,initial patient message to staff pool subsequently forwarded to provider
message,MSG0002686,P5_staff_to_provider_forward,initial patient message to staff pool subsequently forwarded to provider
message,MSG0003930,P5_staff_to_provider_forward,initial patient message to staff pool subsequently forwarded to provider
message,MSG0003917,P5_staff_to_provider_forward,initial patient message to staff pool subsequently forwarded to provider
message,MSG0003993,P5_staff_to_provider_forward,initial patient message to staff pool subsequently forwarded to provider
message,MSG0003957,P5_staff_to_provider_forward,initial patient message to staff pool subsequently forwarded to provider
message,MSG0003951,P5_staff_to_provider_forward,initial patient message to staff pool subsequently forwarded to provider
message,MSG0003959,P5_staff_to_provider_forward,initial patient message to staff pool subsequently forwarded to provider
message,MSG0004178,P5_staff_to_provider_forward,initial patient message to staff pool subsequently forwarded to provider
message,MSG0004185,P5_staff_to_provider_forward,initial patient message to staff pool subsequently forwarded to provider
message,MSG0004176,P5_staff_to_provider_forward,initial patient message to staff pool subsequently forwarded to provider
message,MSG0004011,P5_staff_to_provider_forward,initial patient message to staff pool subsequently forwarded to provider
message,MSG0004007,P5_staff_to_provider_forward,initial patient message to staff pool subsequently forwarded to provider
message,MSG0004015,P5_staff_to_provider_forward,initial patient message to staff pool subsequently forwarded to provider
message,MSG0003953,P5_staff_to_provider_forward,initial patient message to staff pool subsequently forwarded to provider
message,MSG0004173,P5_staff_to_provider_forward,initial patient message to staff pool subsequently forwarded to provider
message,MSG0004259,P5_staff_to_provider_forward,initial patient message to staff pool subsequently forwarded to provider
message,MSG0004257,P5_staff_to_provider_forward,initial patient message to staff pool subsequently forwarded to provider
message,MSG0004267,P5_staff_to_provider_forward,initial patient message to staff pool subsequently forwarded to provider
message,MSG0004255,P5_staff_to_provider_forward,initial patient message to staff pool subsequently forwarded to provider
message,MSG0004427,P5_staff_to_provider_forward,initial patient message to staff pool subsequently forwarded to provider
message,MSG0004352,P5_staff_to_provider_forward,initial patient message to staff pool subsequently forwarded to provider
message,MSG0004265,P5_staff_to_provider_forward,initial patient message to staff pool subsequently forwarded to provider
message,MSG0004341,P5_staff_to_provider_forward,initial patient message to staff pool subsequently forwarded to provider
message,MSG0004346,P5_staff_to_provider_forward,initial patient message to staff pool subsequently forwarded to provider
message,MSG0004342,P5_staff_to_provider_forward,initial patient message to staff pool subsequently forwarded to provider
message,MSG0003419,P5_staff_to_provider_forward,initial patient message to staff pool subsequently forwarded to provider
message,MSG0004180,P5_staff_to_provider_forward,initial patient message to staff pool subsequently forwarded to provider
message,MSG0004505,P5_staff_to_provider_forward,initial patient message to staff pool subsequently forwarded to provider
message,MSG0004586,P5_staff_to_provider_forward,initial patient message to staff pool subsequently forwarded to provider
message,MSG0004658,P5_staff_to_provider_forward,initial patient message to staff pool subsequently forwarded to provider
message,MSG0004592,P5_staff_to_provider_forward,initial patient message to staff pool subsequently forwarded to provider
message,MSG0004009,P5_staff_to_provider_forward,initial patient message to staff pool subsequently forwarded to provider
message,MSG0004807,P5_staff_to_provider_forward,initial patient message to staff pool subsequently forwarded to provider
message,MSG0004805,P5_staff_to_provider_forward,initial patient message to staff pool subsequently forwarded to provider
message,MSG0004798,P5_staff_to_provider_forward,initial patient message to staff pool subsequently forwarded to provider
message,MSG0004799,P5_staff_to_provider_forward,initial patient message to staff pool subsequently forwarded to provider
message,MSG0004735,P5_staff_to_provider_forward,initial patient message to staff pool subsequently forwarded to provider
message,MSG0004733,P5_staff_to_provider_forward,initial patient message to staff pool subsequently forwarded to provider
message,MSG0004801,P5_staff_to_provider_forward,initial patient message to staff pool subsequently forwarded to provider
message,MSG0004875,P5_staff_to_provider_forward,initial patient message to staff pool subsequently forwarded to provider
message,MSG0004950,P5_staff_to_provider_forward,initial patient message to staff pool subsequently forwarded to provider
message,MSG0005045,P5_staff_to_provider_forward,initial patient message to staff pool subsequently forwarded to provider
message,MSG0005054,P5_staff_to_provider_forward,initial patient message to staff pool subsequently forwarded to provider
message,MSG0005135,P5_staff_to_provider_forward,initial patient message to staff pool subsequently forwarded to provider
message,MSG0005142,P5_staff_to_provider_forward,initial patient message to staff pool subsequently forwarded to provider
message,MSG0004956,P5_staff_to_provider_forward,initial patient message to staff pool subsequently forwarded to provider
message,MSG0004966,P5_staff_to_provider_forward,initial patient message to staff pool subsequently forwarded to provider
message,MSG0004946,P5_staff_to_provider_forward,initial patient message to staff pool subsequently forwarded to provider
message,MSG0004964,P5_staff_to_provider_forward,initial patient message to staff pool subsequently forwarded to provider
message,MSG0005139,P5_staff_to_provider_forward,initial patient message to staff pool subsequently forwarded to provider
message,MSG0004948,P5_staff_to_provider_forward,initial patient message to staff pool subsequently forwarded to provider
message,MSG0005050,P5_staff_to_provider_forward,initial patient message to staff pool subsequently forwarded to provider
message,MSG0004962,P5_staff_to_provider_forward,initial patient message to staff pool subsequently forwarded to provider
message,MSG0004803,P5_staff_to_provider_forward,initial patient message to staff pool subsequently forwarded to provider
message,MSG0004348,P5_staff_to_provider_forward,initial patient message to staff pool subsequently forwarded to provider
message,MSG0005249,P5_staff_to_provider_forward,initial patient message to staff pool subsequently forwarded to provider
message,MSG0005246,P5_staff_to_provider_forward,initial patient message to staff pool subsequently forwarded to provider
message,MSG0005235,P5_staff_to_provider_forward,initial patient message to staff pool subsequently forwarded to provider
message,MSG0005261,P5_staff_to_provider_forward,initial patient message to staff pool subsequently forwarded to provider
message,MSG0005265,P5_staff_to_provider_forward,initial patient message to staff pool subsequently forwarded to provider
message,MSG0004588,P5_staff_to_provider_forward,initial patient message to staff pool subsequently forwarded to provider
message,MSG0005263,P5_staff_to_provider_forward,initial patient message to staff pool subsequently forwarded to provider
message,MSG0005276,P5_staff_to_provider_forward,initial patient message to staff pool subsequently forwarded to provider
message,MSG0004958,P5_staff_to_provider_forward,initial patient message to staff pool subsequently forwarded to provider
message,MSG0005365,P5_staff_to_provider_forward,initial patient message to staff pool subsequently forwarded to provider
message,MSG0005363,P5_staff_to_provider_forward,initial patient message to staff pool subsequently forwarded to provider
message,MSG0005437,P5_staff_to_provider_forward,initial patient message to staff pool subsequently forwarded to provider
message,MSG0005439,P5_staff_to_provider_forward,initial patient message to staff pool subsequently forwarded to provider
message,MSG0005435,P5_staff_to_provider_forward,initial patient message to staff pool subsequently forwarded to provider
message,MSG0005367,P5_staff_to_provider_forward,initial patient message to staff pool subsequently forwarded to provider
message,MSG0005433,P5_staff_to_provider_forward,initial patient message to staff pool subsequently forwarded to provider
message,MSG0005688,P5_staff_to_provider_forward,initial patient message to staff pool subsequently forwarded to provider
message,MSG0005519,P5_staff_to_provider_forward,initial patient message to staff pool subsequently forwarded to provider
message,MSG0005601,P5_staff_to_provider_forward,initial patient message to staff pool subsequently forwarded to provider
message,MSG0005048,P5_staff_to_provider_forward,initial patient message to staff pool subsequently forwarded to provider
message,MSG0005686,P5_staff_to_provider_forward,initial patient message to staff pool subsequently forwarded to provider
message,MSG0005684,P5_staff_to_provider_forward,initial patient message to staff pool subsequently forwarded to provider
message,MSG0005517,P5_staff_to_provider_forward,initial patient message to staff pool subsequently forwarded to provider
message,MSG0005690,P5_staff_to_provider_forward,initial patient message to staff pool subsequently forwarded to provider
message,MSG0005052,P5_staff_to_provider_forward,initial patient message to staff pool subsequently forwarded to provider
message,MSG0005144,P5_staff_to_provider_forward,initial patient message to staff pool subsequently forwarded to provider
message,MSG0004590,P5_staff_to_provider_forward,initial patient message to staff pool subsequently forwarded to provider
message,MSG0005822,P5_staff_to_provider_forward,initial patient message to staff pool subsequently forwarded to provider
message,MSG0005812,P5_staff_to_provider_forward,initial patient message to staff pool subsequently forwarded to provider
message,MSG0005900,P5_staff_to_provider_forward,initial patient message to staff pool subsequently forwarded to provider
message,MSG0005898,P5_staff_to_provider_forward,initial patient message to staff pool subsequently forwarded to provider
message,MSG0005814,P5_staff_to_provider_forward,initial patient message to staff pool subsequently forwarded to provider
message,MSG0005751,P5_staff_to_provider_forward,initial patient message to staff pool subsequently forwarded to provider
message,MSG0005818,P5_staff_to_provider_forward,initial patient message to staff pool subsequently forwarded to provider
message,MSG0004350,P5_staff_to_provider_forward,initial patient message to staff pool subsequently forwarded to provider
message,MSG0005056,P5_staff_to_provider_forward,initial patient message to staff pool subsequently forwarded to provider
message,MSG0006036,P5_staff_to_provider_forward,initial patient message to staff pool subsequently forwarded to provider
message,MSG0006038,P5_staff_to_provider_forward,initial patient message to staff pool subsequently forwarded to provider
message,MSG0006126,P5_staff_to_provider_forward,initial patient message to staff pool subsequently forwarded to provider
message,MSG0005974,P5_staff_to_provider_forward,initial patient message to staff pool subsequently forwarded to provider
message,MSG0005968,P5_staff_to_provider_forward,initial patient message to staff pool subsequently forwarded to provider
message,MSG0005970,P5_staff_to_provider_forward,initial patient message to staff pool subsequently forwarded to provider
message,MSG0006122,P5_staff_to_provider_forward,initial patient message to staff pool subsequently forwarded to provider
message,MSG0005146,P5_staff_to_provider_forward,initial patient message to staff pool subsequently forwarded to provider
message,MSG0006288,P5_staff_to_provider_forward,initial patient message to staff pool subsequently forwarded to provider
message,MSG0006290,P5_staff_to_provider_forward,initial patient message to staff pool subsequently forwarded to provider
message,MSG0006358,P5_staff_to_provider_forward,initial patient message to staff pool subsequently forwarded to provider
message,MSG0006360,P5_staff_to_provider_forward,initial patient message to staff pool subsequently forwarded to provider
message,MSG0006124,P5_staff_to_provider_forward,initial patient message to staff pool subsequently forwarded to provider
message,MSG0005972,P5_staff_to_provider_forward,initial patient message to staff pool subsequently forwarded to provider
message,MSG0006463,P5_staff_to_provider_forward,initial patient message to staff pool subsequently forwarded to provider
message,MSG0006449,P5_staff_to_provider_forward,initial patient message to staff pool subsequently forwarded to provider
message,MSG0006514,P5_staff_to_provider_forward,initial patient message to staff pool subsequently forwarded to provider
message,MSG0006510,P5_staff_to_provider_forward,initial patient message to staff pool subsequently forwarded to provider
message,MSG0006481,P5_staff_to_provider_forward,initial patient message to staff pool subsequently forwarded to provider
message,MSG0006483,P5_staff_to_provider_forward,initial patient message to staff pool subsequently forwarded to provider
message,MSG0006512,P5_staff_to_provider_forward,initial patient message to staff pool subsequently forwarded to provider
message,MSG0006530,P5_staff_to_provider_forward,initial patient message to staff pool subsequently forwarded to provider
message,MSG0006546,P5_staff_to_provider_forward,initial patient message to staff pool subsequently forwarded to provider
message,MSG0006625,P5_staff_to_provider_forward,initial patient message to staff pool subsequently forwarded to provider
message,MSG0006542,P5_staff_to_provider_forward,initial patient message to staff pool subsequently forwarded to provider
message,MSG0006623,P5_staff_to_provider_forward,initial patient message to staff pool subsequently forwarded to provider
message,MSG0006621,P5_staff_to_provider_forward,initial patient message to staff pool subsequently forwarded to provider
message,MSG0006548,P5_staff_to_provider_forward,initial patient message to staff pool subsequently forwarded to provider
message,MSG0006544,P5_staff_to_provider_forward,initial patient message to staff pool subsequently forwarded to provider
message,MSG0006552,P5_staff_to_provider_forward,initial patient message to staff pool subsequently forwarded to provider
message,MSG0006550,P5_staff_to_provider_forward,initial patient message to staff pool subsequently forwarded to provider
message,MSG0005820,P5_staff_to_provider_forward,initial patient message to staff pool subsequently forwarded to provider
message,MSG0006860,P5_staff_to_provider_forward,initial patient message to staff pool subsequently forwarded to provider
message,MSG0006362,P5_staff_to_provider_forward,initial patient message to staff pool subsequently forwarded to provider
message,MSG0006950,P5_staff_to_provider_forward,initial patient message to staff pool subsequently forwarded to provider
message,MSG0006485,P5_staff_to_provider_forward,initial patient message to staff pool subsequently forwarded to provider
message,MSG0006782,P5_staff_to_provider_forward,initial patient message to staff pool subsequently forwarded to provider
message,MSG0007125,P5_staff_to_provider_forward,initial patient message to staff pool subsequently forwarded to provider
message,MSG0007039,P5_staff_to_provider_forward,initial patient message to staff pool subsequently forwarded to provider
message,MSG0007035,P5_staff_to_provider_forward,initial patient message to staff pool subsequently forwarded to provider
message,MSG0007446,P5_staff_to_provider_forward,initial patient message to staff pool subsequently forwarded to provider
message,MSG0007444,P5_staff_to_provider_forward,initial patient message to staff pool subsequently forwarded to provider
message,MSG0007366,P5_staff_to_provider_forward,initial patient message to staff pool subsequently forwarded to provider
message,MSG0007369,P5_staff_to_provider_forward,initial patient message to staff pool subsequently forwarded to provider
message,MSG0007291,P5_staff_to_provider_forward,initial patient message to staff pool subsequently forwarded to provider
message,MSG0007442,P5_staff_to_provider_forward,initial patient message to staff pool subsequently forwarded to provider
message,MSG0007289,P5_staff_to_provider_forward,initial patient message to staff pool subsequently forwarded to provider
message,MSG0007694,P5_staff_to_provider_forward,initial patient message to staff pool subsequently forwarded to provider
message,MSG0007615,P5_staff_to_provider_forward,initial patient message to staff pool subsequently forwarded to provider
message,MSG0007611,P5_staff_to_provider_forward,initial patient message to staff pool subsequently forwarded to provider
message,MSG0007620,P5_staff_to_provider_forward,initial patient message to staff pool subsequently forwarded to provider
message,MSG0007533,P5_staff_to_provider_forward,initial patient message to staff pool subsequently forwarded to provider
message,MSG0007699,P5_staff_to_provider_forward,initial patient message to staff pool subsequently forwarded to provider
message,MSG0007608,P5_staff_to_provider_forward,initial patient message to staff pool subsequently forwarded to provider
message,MSG0007691,P5_staff_to_provider_forward,initial patient message to staff pool subsequently forwarded to provider
message,MSG0007448,P5_staff_to_provider_forward,initial patient message to staff pool subsequently forwarded to provider
message,MSG0007622,P5_staff_to_provider_forward,initial patient message to staff pool subsequently forwarded to provider
message,MSG0007689,P5_staff_to_provider_forward,initial patient message to staff pool subsequently forwarded to provider
message,MSG0007606,P5_staff_to_provider_forward,initial patient message to staff pool subsequently forwarded to provider
message,MSG0007799,P5_staff_to_provider_forward,initial patient message to staff pool subsequently forwarded to provider
message,MSG0007793,P5_staff_to_provider_forward,initial patient message to staff pool subsequently forwarded to provider
message,MSG0007795,P5_staff_to_provider_forward,initial patient message to staff pool subsequently forwarded to provider
message,MSG0007851,P5_staff_to_provider_forward,initial patient message to staff pool subsequently forwarded to provider
message,MSG0007872,P5_staff_to_provider_forward,initial patient message to staff pool subsequently forwarded to provider
message,MSG0007876,P5_staff_to_provider_forward,initial patient message to staff pool subsequently forwarded to provider
message,MSG0007870,P5_staff_to_provider_forward,initial patient message to staff pool subsequently forwarded to provider
message,MSG0007874,P5_staff_to_provider_forward,initial patient message to staff pool subsequently forwarded to provider
message,MSG0007965,P5_staff_to_provider_forward,initial patient message to staff pool subsequently forwarded to provider
message,MSG0008048,P5_staff_to_provider_forward,initial patient message to staff pool subsequently forwarded to provider
message,MSG0007894,P5_staff_to_provider_forward,initial patient message to staff pool subsequently forwarded to provider
message,MSG0008308,P5_staff_to_provider_forward,initial patient message to staff pool subsequently forwarded to provider
message,MSG0008217,P5_staff_to_provider_forward,initial patient message to staff pool subsequently forwarded to provider
message,MSG0008136,P5_staff_to_provider_forward,initial patient message to staff pool subsequently forwarded to provider
message,MSG0008302,P5_staff_to_provider_forward,initial patient message to staff pool subsequently forwarded to provider
message,MSG0007878,P5_staff_to_provider_forward,initial patient message to staff pool subsequently forwarded to provider
message,MSG0008461,P5_staff_to_provider_forward,initial patient message to staff pool subsequently forwarded to provider
message,MSG0008374,P5_staff_to_provider_forward,initial patient message to staff pool subsequently forwarded to provider
message,MSG0008548,P5_staff_to_provider_forward,initial patient message to staff pool subsequently forwarded to provider
message,MSG0008050,P5_staff_to_provider_forward,initial patient message to staff pool subsequently forwarded to provider
message,MSG0008463,P5_staff_to_provider_forward,initial patient message to staff pool subsequently forwarded to provider
message,MSG0008372,P5_staff_to_provider_forward,initial patient message to staff pool subsequently forwarded to provider
message,MSG0008465,P5_staff_to_provider_forward,initial patient message to staff pool subsequently forwarded to provider
message,MSG0008552,P5_staff_to_provider_forward,initial patient message to staff pool subsequently forwarded to provider
message,MSG0008377,P5_staff_to_provider_forward,initial patient message to staff pool subsequently forwarded to provider
message,MSG0008637,P5_staff_to_provider_forward,initial patient message to staff pool subsequently forwarded to provider
message,MSG0008813,P5_staff_to_provider_forward,initial patient message to staff pool subsequently forwarded to provider
message,MSG0008647,P5_staff_to_provider_forward,initial patient message to staff pool subsequently forwarded to provider
message,MSG0008819,P5_staff_to_provider_forward,initial patient message to staff pool subsequently forwarded to provider
message,MSG0008811,P5_staff_to_provider_forward,initial patient message to staff pool subsequently forwarded to provider
message,MSG0008639,P5_staff_to_provider_forward,initial patient message to staff pool subsequently forwarded to provider
message,MSG0008735,P5_staff_to_provider_forward,initial patient message to staff pool subsequently forwarded to provider
message,MSG0008737,P5_staff_to_provider_forward,initial patient message to staff pool subsequently forwarded to provider
message,MSG0008821,P5_staff_to_provider_forward,initial patient message to staff pool subsequently forwarded to provider
message,MSG0008825,P5_staff_to_provider_forward,initial patient message to staff pool subsequently forwarded to provider
message,MSG0008644,P5_staff_to_provider_forward,initial patient message to staff pool subsequently forwarded to provider
message,MSG0008635,P5_staff_to_provider_forward,initial patient message to staff pool subsequently forwarded to provider
message,MSG0008732,P5_staff_to_provider_forward,initial patient message to staff pool subsequently forwarded to provider
message,MSG0008726,P5_staff_to_provider_forward,initial patient message to staff pool subsequently forwarded to provider
message,MSG0008815,P5_staff_to_provider_forward,initial patient message to staff pool subsequently forwarded to provider
message,MSG0008304,P5_staff_to_provider_forward,initial patient message to staff pool subsequently forwarded to provider
message,MSG0009003,P5_staff_to_provider_forward,initial patient message to staff pool subsequently forwarded to provider
message,MSG0007880,P5_staff_to_provider_forward,initial patient message to staff pool subsequently forwarded to provider
message,MSG0008909,P5_staff_to_provider_forward,initial patient message to staff pool subsequently forwarded to provider
message,MSG0009090,P5_staff_to_provider_forward,initial patient message to staff pool subsequently forwarded to provider
message,MSG0009092,P5_staff_to_provider_forward,initial patient message to staff pool subsequently forwarded to provider
message,MSG0008554,P5_staff_to_provider_forward,initial patient message to staff pool subsequently forwarded to provider
message,MSG0008817,P5_staff_to_provider_forward,initial patient message to staff pool subsequently forwarded to provider
message,MSG0009005,P5_staff_to_provider_forward,initial patient message to staff pool subsequently forwarded to provider
message,MSG0009009,P5_staff_to_provider_forward,initial patient message to staff pool subsequently forwarded to provider
message,MSG0009094,P5_staff_to_provider_forward,initial patient message to staff pool subsequently forwarded to provider
message,MSG0008917,P5_staff_to_provider_forward,initial patient message to staff pool subsequently forwarded to provider
message,MSG0008915,P5_staff_to_provider_forward,initial patient message to staff pool subsequently forwarded to provider
message,MSG0008913,P5_staff_to_provider_forward,initial patient message to staff pool subsequently forwarded to provider
message,MSG0009088,P5_staff_to_provider_forward,initial patient message to staff pool subsequently forwarded to provider
message,MSG0009162,P5_staff_to_provider_forward,initial patient message to staff pool subsequently forwarded to provider
message,MSG0009160,P5_staff_to_provider_forward,initial patient message to staff pool subsequently forwarded to provider
message,MSG0009158,P5_staff_to_provider_forward,initial patient message to staff pool subsequently forwarded to provider
message,MSG0008642,P5_staff_to_provider_forward,initial patient message to staff pool subsequently forwarded to provider
message,MSG0008823,P5_staff_to_provider_forward,initial patient message to staff pool subsequently forwarded to provider
message,MSG0008306,P5_staff_to_provider_forward,initial patient message to staff pool subsequently forwarded to provider
message,MSG0009219,P5_staff_to_provider_forward,initial patient message to staff pool subsequently forwarded to provider
message,MSG0008650,P5_staff_to_provider_forward,initial patient message to staff pool subsequently forwarded to provider
message,MSG0009403,P5_staff_to_provider_forward,initial patient message to staff pool subsequently forwarded to provider
message,MSG0009253,P5_staff_to_provider_forward,initial patient message to staff pool subsequently forwarded to provider
message,MSG0009246,P5_staff_to_provider_forward,initial patient message to staff pool subsequently forwarded to provider
message,MSG0009248,P5_staff_to_provider_forward,initial patient message to staff pool subsequently forwarded to provider
message,MSG0008919,P5_staff_to_provider_forward,initial patient message to staff pool subsequently forwarded to provider
message,MSG0009244,P5_staff_to_provider_forward,initial patient message to staff pool subsequently forwarded to provider
message,MSG0009242,P5_staff_to_provider_forward,initial patient message to staff pool subsequently forwarded to provider
message,MSG0009332,P5_staff_to_provider_forward,initial patient message to staff pool subsequently forwarded to provider
message,MSG0009330,P5_staff_to_provider_forward,initial patient message to staff pool subsequently forwarded to provider
message,MSG0008911,P5_staff_to_provider_forward,initial patient message to staff pool subsequently forwarded to provider
message,MSG0009641,P5_staff_to_provider_forward,initial patient message to staff pool subsequently forwarded to provider
message,MSG0009639,P5_staff_to_provider_forward,initial patient message to staff pool subsequently forwarded to provider
message,MSG0009475,P5_staff_to_provider_forward,initial patient message to staff pool subsequently forwarded to provider
message,MSG0009564,P5_staff_to_provider_forward,initial patient message to staff pool subsequently forwarded to provider
message,MSG0009645,P5_staff_to_provider_forward,initial patient message to staff pool subsequently forwarded to provider
message,MSG0009250,P5_staff_to_provider_forward,initial patient message to staff pool subsequently forwarded to provider
message,MSG0009743,P5_staff_to_provider_forward,initial patient message to staff pool subsequently forwarded to provider
message,MSG0009739,P5_staff_to_provider_forward,initial patient message to staff pool subsequently forwarded to provider
message,MSG0009889,P5_staff_to_provider_forward,initial patient message to staff pool subsequently forwarded to provider
message,MSG0009896,P5_staff_to_provider_forward,initial patient message to staff pool subsequently forwarded to provider
message,MSG0009737,P5_staff_to_provider_forward,initial patient message to staff pool subsequently forwarded to provider
message,MSG0009891,P5_staff_to_provider_forward,initial patient message to staff pool subsequently forwarded to provider
message,MSG0009741,P5_staff_to_provider_forward,initial patient message to staff pool subsequently forwarded to provider
message,MSG0009820,P5_staff_to_provider_forward,initial patient message to staff pool subsequently forwarded to provider
message,MSG0009731,P5_staff_to_provider_forward,initial patient message to staff pool subsequently forwarded to provider
message,MSG0009893,P5_staff_to_provider_forward,initial patient message to staff pool subsequently forwarded to provider
message,MSG0009477,P5_staff_to_provider_forward,initial patient message to staff pool subsequently forwarded to provider
message,MSG0009816,P5_staff_to_provider_forward,initial patient message to staff pool subsequently forwarded to provider
message,MSG0009647,P5_staff_to_provider_forward,initial patient message to staff pool subsequently forwarded to provider
message,MSG0009962,P5_staff_to_provider_forward,initial patient message to staff pool subsequently forwarded to provider
message,MSG0009966,P5_staff_to_provider_forward,initial patient message to staff pool subsequently forwarded to provider
message,MSG0010050,P5_staff_to_provider_forward,initial patient message to staff pool subsequently forwarded to provider
message,MSG0010151,P5_staff_to_provider_forward,initial patient message to staff pool subsequently forwarded to provider
message,MSG0010060,P5_staff_to_provider_forward,initial patient message to staff pool subsequently forwarded to provider
message,MSG0010058,P5_staff_to_provider_forward,initial patient message to staff pool subsequently forwarded to provider
message,MSG0010303,P5_staff_to_provider_forward,initial patient message to staff pool subsequently forwarded to provider
message,MSG0010219,P5_staff_to_provider_forward,initial patient message to staff pool subsequently forwarded to provider
message,MSG0010384,P5_staff_to_provider_forward,initial patient message to staff pool subsequently forwarded to provider
message,MSG0010221,P5_staff_to_provider_forward,initial patient message to staff pool subsequently forwarded to provider
message,MSG0009007,P5_staff_to_provider_forward,initial patient message to staff pool subsequently forwarded to provider
message,MSG0010223,P5_staff_to_provider_forward,initial patient message to staff pool subsequently forwarded to provider
message,MSG0010382,P5_staff_to_provider_forward,initial patient message to staff pool subsequently forwarded to provider
message,MSG0010309,P5_staff_to_provider_forward,initial patient message to staff pool subsequently forwarded to provider
message,MSG0010486,P5_staff_to_provider_forward,initial patient message to staff pool subsequently forwarded to provider
message,MSG0010482,P5_staff_to_provider_forward,initial patient message to staff pool subsequently forwarded to provider
message,MSG0010484,P5_staff_to_provider_forward,initial patient message to staff pool subsequently forwarded to provider
message,MSG0009643,P5_staff_to_provider_forward,initial patient message to staff pool subsequently forwarded to provider
message,MSG0009733,P5_staff_to_provider_forward,initial patient message to staff pool subsequently forwarded to provider
message,MSG0010533,P5_staff_to_provider_forward,initial patient message to staff pool subsequently forwarded to provider
message,MSG0010305,P5_staff_to_provider_forward,initial patient message to staff pool subsequently forwarded to provider
message,MSG0010512,P5_staff_to_provider_forward,initial patient message to staff pool subsequently forwarded to provider
message,MSG0010307,P5_staff_to_provider_forward,initial patient message to staff pool subsequently forwarded to provider
message,MSG0009735,P5_staff_to_provider_forward,initial patient message to staff pool subsequently forwarded to provider
message,MSG0000499,P7_pingpong,2 staff→provider and 2 provider→pool forwards
message,MSG0000509,P7_pingpong,2 staff→provider and 2 provider→pool forwards
message,MSG0001369,P7_pingpong,2 staff→provider and 2 provider→pool forwards
message,MSG0001716,P7_pingpong,2 staff→provider and 2 provider→pool forwards
message,MSG0002367,P7_pingpong,2 staff→provider and 2 provider→pool forwards
message,MSG0002720,P7_pingpong,2 staff→provider and 2 provider→pool forwards
message,MSG0003089,P7_pingpong,2 staff→provider and 2 provider→pool forwards
message,MSG0003096,P7_pingpong,2 staff→provider and 2 provider→pool forwards
message,MSG0003337,P7_pingpong,2 staff→provider and 2 provider→pool forwards
message,MSG0003416,P7_pingpong,2 staff→provider and 2 provider→pool forwards
message,MSG0004667,P7_pingpong,2 staff→provider and 2 provider→pool forwards
message,MSG0005050,P7_pingpong,2 staff→provider and 2 provider→pool forwards
message,MSG0005443,P7_pingpong,2 staff→provider and 2 provider→pool forwards
message,MSG0006041,P7_pingpong,2 staff→provider and 2 provider→pool forwards
message,MSG0007297,P7_pingpong,2 staff→provider and 2 provider→pool forwards
message,MSG0007298,P7_pingpong,2 staff→provider and 2 provider→pool forwards
message,MSG0007374,P7_pingpong,2 staff→provider and 2 provider→pool forwards
message,MSG0008048,P7_pingpong,2 staff→provider and 2 provider→pool forwards
message,MSG0008057,P7_pingpong,2 staff→provider and 2 provider→pool forwards
message,MSG0008637,P7_pingpong,2 staff→provider and 2 provider→pool forwards
message,MSG0008650,P7_pingpong,2 staff→provider and 2 provider→pool forwards
message,MSG0009005,P7_pingpong,2 staff→provider and 2 provider→pool forwards
message,MSG0009094,P7_pingpong,2 staff→provider and 2 provider→pool forwards
message,MSG0000673,P8_nonclinical_misrouted,nonclinical category forwarded to provider
message,MSG0000675,P8_nonclinical_misrouted,nonclinical category forwarded to provider
message,MSG0001126,P8_nonclinical_misrouted,nonclinical category forwarded to provider
message,MSG0001321,P8_nonclinical_misrouted,nonclinical category forwarded to provider
message,MSG0001625,P8_nonclinical_misrouted,nonclinical category forwarded to provider
message,MSG0002124,P8_nonclinical_misrouted,nonclinical category forwarded to provider
message,MSG0002715,P8_nonclinical_misrouted,nonclinical category forwarded to provider
message,MSG0003957,P8_nonclinical_misrouted,nonclinical category forwarded to provider
message,MSG0004341,P8_nonclinical_misrouted,nonclinical category forwarded to provider
message,MSG0004595,P8_nonclinical_misrouted,nonclinical category forwarded to provider
message,MSG0004798,P8_nonclinical_misrouted,nonclinical category forwarded to provider
message,MSG0005139,P8_nonclinical_misrouted,nonclinical category forwarded to provider
message,MSG0005898,P8_nonclinical_misrouted,nonclinical category forwarded to provider
message,MSG0007366,P8_nonclinical_misrouted,nonclinical category forwarded to provider
message,MSG0009246,P8_nonclinical_misrouted,nonclinical category forwarded to provider
message,MSG0009899,P8_nonclinical_misrouted,nonclinical category forwarded to provider
